Timestamp,Temperature,pH,Turbidity,Conductance,Dissolved_Oxygen
2026-01-01 00:00:00,18.248357076505616,8.0399355436586,5.7841107095759465,405.731278132412,6.826632618738923
2026-01-01 01:00:00,19.22496307492701,7.978833698806905,5.102434070860326,384.0108947944752,6.72593449479705
2026-01-01 02:00:00,20.823844269050348,7.852373198505793,5.643454995949071,400.1402079547966,6.031021693226116
2026-01-01 03:00:00,22.29704883413675,7.718149034704062,5.176483857317109,408.6092971970828,5.704913640336106
2026-01-01 04:00:00,22.213050331560524,7.769822331361359,7.47722856511322,409.2904584720338,5.421306049832305
2026-01-01 05:00:00,22.71256065297075,7.642876156583183,9.425794977592998,436.2259169979507,5.05922611809727
2026-01-01 06:00:00,23.789606407753695,7.589519322002773,5.112596950598683,414.62404694349476,5.297882164557612
2026-01-01 07:00:00,23.213346496021796,7.459989562127189,9.655484351103029,402.90040628670596,5.263007442245074
2026-01-01 08:00:00,22.09538982595472,7.404955271531933,6.109027324083142,413.7831162496545,5.686692308004629
2026-01-01 09:00:00,21.80681392772572,7.1636337663693235,5.534082014417903,398.75148976309384,6.097611209472999
2026-01-01 10:00:00,20.26829115359377,7.285329245049657,5.1199649371093585,417.46105372535214,6.427873467641135
2026-01-01 11:00:00,19.061230348727477,7.133389629953612,6.041594745157091,411.6640406459794,6.23683209561481
2026-01-01 12:00:00,18.120981135783016,7.307526087262526,7.373577335296426,430.84808971147953,6.863392099368942
2026-01-01 13:00:00,15.749264652158498,7.044710887675415,6.841816786675475,417.86802866769773,7.540661887411169
2026-01-01 14:00:00,14.637541083743486,7.3271862188027495,5.07729684424407,423.83234084204753,7.63411250967275
2026-01-01 15:00:00,14.183322329446778,7.236948365871646,5.1135437360873786,420.24602541172277,8.026853352608565
2026-01-01 16:00:00,13.163457420910595,7.234858199638555,5.773438896824132,445.5545164217144,7.960492107608097
2026-01-01 17:00:00,13.327494534852296,7.348083798553559,5.5249544140700735,426.478581617496,8.135165000229586
2026-01-01 18:00:00,12.545987962239394,7.467965269180568,5.396699137598839,449.5000605277287,8.070933414289275
2026-01-01 19:00:00,12.464219017887013,7.6459442126812,5.494850267683267,440.75588818508874,7.975838928253005
2026-01-01 20:00:00,14.402697365538584,7.75228354880355,7.440507546735073,438.82930416189987,7.578711466019253
2026-01-01 21:00:00,14.351577943823994,7.725472712080761,8.972438891815141,439.0426705325026,7.4901158356075195
2026-01-01 22:00:00,15.53376410234396,7.843974702287677,5.7790497262663,440.59056657365386,7.45911806306446
2026-01-01 23:00:00,15.993530681380665,8.100597366376814,8.548463102364336,418.62186036381655,6.9099649077738885
2026-01-02 00:00:00,17.727808637737407,8.072754317010071,5.581796696085874,436.3027401818939,6.9298883585308335
2026-01-02 01:00:00,19.34955652036754,7.93000269748303,5.970646828984286,448.68146870017665,6.619405137525833
2026-01-02 02:00:00,19.924503211288847,7.850210509330595,5.384331306459183,440.8229668810587,6.471462460507363
2026-01-02 03:00:00,21.723382915105574,7.794845845146446,6.534461692957317,428.2843114933785,5.952208308047717
2026-01-02 04:00:00,22.02980767396279,7.761351797273042,10.793500951964482,442.7772256834473,5.279174946222008
2026-01-02 05:00:00,22.683782256548703,7.501248361521168,6.387592738715144,461.2468248377854,5.924638744934542
2026-01-02 06:00:00,22.6991466938853,7.4742623462576665,5.664316142910026,457.51736055046814,5.523547044926716
2026-01-02 07:00:00,23.755768223699814,7.229613974571233,6.565408427713226,445.2080726998385,5.502029160721068
2026-01-02 08:00:00,22.32337840655323,7.339922312260529,5.196736766378466,456.0581802027911,6.135859940315839
2026-01-02 09:00:00,21.006678441454785,7.281876881495655,8.29273765349946,443.5290963117379,6.015238242836137
2026-01-02 10:00:00,20.911272456051595,7.1052711922562874,6.049001273304852,430.73992442103986,6.12677691324365
2026-01-02 11:00:00,18.68367340052709,7.2710283458133755,5.8949831178591525,439.05163143315787,6.6339239287497165
2026-01-02 12:00:00,18.104431797502382,6.977423433699766,6.322344140809941,464.37528329417313,7.048875166752662
2026-01-02 13:00:00,15.726069712547513,6.96719218146339,6.470379579727741,446.3883928433714,7.1368496288380125
2026-01-02 14:00:00,14.835906975550788,7.176035020342222,5.111722980883497,447.00770151750623,7.585826105948025
2026-01-02 15:00:00,14.56289671200183,7.321867117786596,6.72147009428657,446.6872285319133,7.6076172594725415
2026-01-02 16:00:00,14.03910627107551,7.468392769145787,5.415472648837266,468.90155575478906,8.196206918849795
2026-01-02 17:00:00,13.256055009149646,7.350583955672096,6.8773967919043,466.2246243930406,8.074200095730337
2026-01-02 18:00:00,12.94217585880588,7.60786808334313,7.593471070972578,472.1878023344813,7.811499776499224
2026-01-02 19:00:00,13.019819020760012,7.599676771090937,7.444143418993219,448.3745831354194,7.938569361833695
2026-01-02 20:00:00,12.930611985894092,7.6827372700059176,6.206121354612353,452.81643474653,8.023870239245984
2026-01-02 21:00:00,14.10454398986991,7.871208706223286,6.101484770069945,434.51918500045423,7.721757727078821
2026-01-02 22:00:00,15.2696806145201,7.911642449355117,5.231258952446376,464.21088557243917,7.8552318628366935
2026-01-02 23:00:00,17.23446588759685,7.728731114817203,7.239791761456143,437.4505281489851,6.693055726102472
2026-01-03 00:00:00,18.171809144784227,8.04765403497259,5.47496490366291,450.91415124671744,7.231307394584527
2026-01-03 01:00:00,18.412575147831234,8.024379465930373,6.0298396563495835,437.323266038125,6.959518185444157
2026-01-03 02:00:00,20.6620419846974,7.783853891362822,5.501686994995613,441.8899720219201,6.5024931384468285
2026-01-03 03:00:00,21.342992765724574,7.82242306581836,5.215508292360944,438.82154220492134,6.05011307692771
2026-01-03 04:00:00,21.991666018769216,7.749403018628274,6.489586360213884,440.464934825452,5.823136715470485
2026-01-03 05:00:00,23.135467275865775,7.629594994623399,5.083795639588875,440.436885762009,5.421123254169727
2026-01-03 06:00:00,23.515499761247977,7.444969484615458,7.071334891877121,439.5657554458702,5.309059089086933
2026-01-03 07:00:00,23.295269191003438,7.329310045165187,5.573179898830845,452.53910879303356,5.717595681894687
2026-01-03 08:00:00,21.91051825731088,7.297444592900856,5.000202053114604,432.2526422585968,6.281562842717099
2026-01-03 09:00:00,21.380927718007136,7.334430189451318,6.073485369206668,444.5416242315529,5.825988170217059
2026-01-03 10:00:00,20.66563171570178,7.207949853945668,5.0719774885418785,453.4915302388553,6.253293134823314
2026-01-03 11:00:00,19.781867789073786,7.076568236275762,5.48479716486467,435.09792534319945,6.475793492198582
2026-01-03 12:00:00,17.760412881077364,7.177169871064834,6.8412536383899845,431.91238521592544,6.596613575453163
2026-01-03 13:00:00,16.613075286155492,6.8287754074213645,5.09711120698824,435.59333990547015,7.4552899061139835
2026-01-03 14:00:00,14.946832512996991,7.268466408523435,7.742683346322179,448.4498456750984,7.344225470770012
2026-01-03 15:00:00,13.866362782026927,7.043185909647571,5.005740855794594,437.29641536886095,7.993757148678405
2026-01-03 16:00:00,14.076135892274912,7.263755905859686,5.425184259637243,428.69649394247,7.848057726585172
2026-01-03 17:00:00,13.848490882840071,7.284505392496377,7.025835269466656,437.45313707578646,7.677426051199383
2026-01-03 18:00:00,12.963994939209833,7.370531852427909,5.570288592679624,420.1515685945725,8.20056340883347
2026-01-03 19:00:00,13.67213731750067,7.7196102967788605,5.16119807411569,436.50460438310455,8.02272394749966
2026-01-03 20:00:00,13.850690993601626,7.653229879868811,5.669979001347212,432.25207598019875,7.89595777500914
2026-01-03 21:00:00,14.141906216764696,7.81749310064769,5.472874457733134,423.523519114378,7.771543675699444
2026-01-03 22:00:00,15.680697802754207,7.8417181036258565,7.774514205705543,416.6141420155277,7.366279062897484
2026-01-03 23:00:00,17.47492305772039,7.93407441323794,5.56389131794076,414.4966221908185,7.405603557474284
2026-01-04 00:00:00,17.982086980445022,7.907682189106026,7.333365736597026,427.04236031933704,6.7991191277968674
2026-01-04 01:00:00,20.076417053419593,7.758071108096771,8.336661361556043,432.2844062408777,6.346453243471723
2026-01-04 02:00:00,19.19012744795512,7.946036843458489,5.853258008814945,411.8939737480318,6.339097952099033
2026-01-04 03:00:00,21.94648515812035,7.7334670541584885,8.610971109741795,421.0978201332732,5.683833887354488
2026-01-04 04:00:00,22.373650553041273,7.544341810134026,5.710579115839274,393.86748853452457,5.6160557863615415
2026-01-04 05:00:00,22.68012545621241,7.560716101944417,9.989625428253074,407.09477494855406,5.035621107615211
2026-01-04 06:00:00,23.04588038826775,7.650075979063432,5.140295362718542,410.81545736910675,5.5766260851694005
2026-01-04 07:00:00,21.835844674144898,7.481494556170341,6.742420466989982,400.1987461883274,6.105176651647492
2026-01-04 08:00:00,22.220291075003434,7.265134786559214,6.02127675234673,398.08704956091276,6.032802721748397
2026-01-04 09:00:00,21.71409019168862,7.1822315170935385,5.73567397064377,398.92042824047655,6.046510999424348
2026-01-04 10:00:00,21.238947022370777,7.121426333364488,6.502413001107992,406.658431962585,5.733481832318521
2026-01-04 11:00:00,19.034960116375775,7.321304467840457,6.8253697139526865,399.9962695297525,6.5194668692332
2026-01-04 12:00:00,17.59575319855341,7.138193545223155,5.00655922473762,377.61768766675027,7.160745779668233
2026-01-04 13:00:00,16.455026252695124,7.156633834203479,5.273997983556813,376.92343875983306,7.393950884386258
2026-01-04 14:00:00,15.957701058851043,7.256618183889409,6.872650296902999,390.1948435421071,6.95455098890079
2026-01-04 15:00:00,14.628841648897117,7.241036203428031,6.646653327751208,398.97864205537013,7.500060685396626
2026-01-04 16:00:00,13.404992879194292,7.274095785417929,10.074189411560813,365.07283826393893,7.628517286215601
2026-01-04 17:00:00,13.427004585111337,7.376837397050494,7.1471747866351105,385.70711788033793,8.035789556962094
2026-01-04 18:00:00,13.04853877467402,7.4928398740585935,9.516960632565318,383.6114747370101,7.346943678854974
2026-01-04 19:00:00,13.654693363821101,7.599805394390024,6.818715804315631,400.94242552695846,7.872030283517189
2026-01-04 20:00:00,13.318846434139122,7.772762954363698,5.530844373504897,381.4120231623262,8.14581370809052
2026-01-04 21:00:00,14.300635020768372,7.788037301055349,5.1670090673180535,387.315936749651,8.078062735779346
2026-01-04 22:00:00,15.30394592343392,7.919674169235333,7.283678864171721,383.1455201825549,7.584217149571835
2026-01-04 23:00:00,15.974147300421341,7.878298672504769,6.5498656961780375,358.6997339859409,7.467990869038622
2026-01-05 00:00:00,18.148060138532284,7.90786351903161,5.074078481677313,385.98788521043946,6.795589015858811
2026-01-05 01:00:00,19.424622861602533,7.686550262062417,5.669548938061635,378.7905336409098,6.195288963368542
2026-01-05 02:00:00,20.502556728321224,7.938042928984023,9.712865768816172,380.0826863967459,5.824463689625796
2026-01-05 03:00:00,21.418240339245163,7.817491560064418,6.040924690982526,412.6607732385964,6.241673811132169
2026-01-05 04:00:00,21.62244164789699,7.799801010985965,5.8503775626088235,350.992867701833,6.288042737269756
2026-01-05 05:00:00,22.61930647006266,7.31390208022164,5.9179027955749985,387.555957218936,5.895492923386391
2026-01-05 06:00:00,22.828642741736616,7.708837470478073,5.351463588878894,365.9510347130598,5.843561120238304
2026-01-05 07:00:00,22.428490496834534,7.382513419143475,5.689978178838755,370.25891848012407,5.899807487584684
2026-01-05 08:00:00,22.249484163089186,7.410818281673752,5.692608626678056,365.53624065844156,5.757144347207742
2026-01-05 09:00:00,21.73755933434,7.113166694812827,5.080663011104146,360.4022976066922,6.031531806593862
2026-01-05 10:00:00,21.44309295060527,7.214867228992482,7.188733957419575,357.6490771261211,6.254167271771991
2026-01-05 11:00:00,19.381384131928538,7.008288113167008,5.808077633995655,365.3965011984575,6.385334602459924
2026-01-05 12:00:00,18.12877519536139,7.037623103930419,7.590474259674346,345.73668890988176,7.031714533334188
2026-01-05 13:00:00,16.668681816604327,7.305032804871051,7.849164031608286,367.27590268688425,6.9835075117896785
2026-01-05 14:00:00,14.540614392350472,7.13452159840989,5.357374466531094,354.5261172353477,8.09419537707829
2026-01-05 15:00:00,14.451209156342653,7.238900574843353,6.606583885206964,346.3630966481822,7.445176320494132
2026-01-05 16:00:00,13.699988086048325,7.387006773068874,5.958789286641115,352.19860123082,8.096304890056738
2026-01-05 17:00:00,14.401991924797303,7.446040570756252,8.18235580895354,368.36572249339525,7.433912410715796
2026-01-05 18:00:00,12.903819517609438,7.515041890514357,5.364523320449446,349.5982057347168,7.954539350167859
2026-01-05 19:00:00,13.321144539721468,7.640023718287631,6.698935667575167,357.7564233885974,8.043527106794306
2026-01-05 20:00:00,13.652517096225186,7.940341558523827,6.403791946764635,346.1467498106351,8.148385888986434
2026-01-05 21:00:00,13.880127075257489,7.77708083277126,5.524977793085238,360.38505198381785,7.808482164158404
2026-01-05 22:00:00,16.071411407257507,7.866520066185272,5.220317363721032,359.076437098595,7.16031221972184
2026-01-05 23:00:00,17.08187129083077,7.991435770116388,6.5817772453781425,370.1897970185107,7.052985499887503
2026-01-06 00:00:00,18.395515973521498,8.010552593295799,7.012540630678206,349.4979649359167,6.682379877796369
2026-01-06 01:00:00,18.839401498115237,8.005073361071666,5.568879035990265,357.5582243859146,6.842925647383064
2026-01-06 02:00:00,21.201397155468044,7.910283183716695,6.552749094020747,351.539134084133,6.234294716003812
2026-01-06 03:00:00,20.834608374536582,7.668542221201572,5.7541148308720516,363.273107323968,6.2040533870241505
2026-01-06 04:00:00,22.623555565822322,7.863343153230111,6.873491256249126,342.9514862648537,6.0278626458783595
2026-01-06 05:00:00,23.92485694435033,7.48889307873914,5.333244688559106,357.4850178893529,5.530308243963565
2026-01-06 06:00:00,22.504731837434655,7.530263546523903,8.313847092909487,348.0530270388332,5.473147030149008
2026-01-06 07:00:00,22.54648026664395,7.321044796957055,5.508272739101928,349.3930829894951,5.490239187608253
2026-01-06 08:00:00,22.37995270146602,7.293586165340702,5.6877909727825084,351.05733498542475,5.783700823292011
2026-01-06 09:00:00,21.283796078874644,7.25003352855573,5.089771434265559,352.8367934696047,6.102796447772556
2026-01-06 10:00:00,19.724668284466937,7.185725560031252,5.177351564535067,349.39616825752404,6.743158731686053
2026-01-06 11:00:00,19.328376712915613,7.155821744907901,6.088077631982609,353.01880817004087,6.651594783386207
2026-01-06 12:00:00,17.46884814313694,7.261371126905864,5.467127700838587,367.03478496653065,6.850201369805384
2026-01-06 13:00:00,16.942700989805,7.15898309963577,7.707086761620509,361.5582055416988,7.028066953668906
2026-01-06 14:00:00,15.040287882883108,7.129174174957159,5.022203608541663,360.91290563566196,7.872013902770868
2026-01-06 15:00:00,15.239433296576033,7.313566004354216,5.714863483482061,348.25043822434293,7.9242615993853525
2026-01-06 16:00:00,13.278246334909687,7.4189470488924645,5.617252417012464,344.5639042855065,8.296213968054143
2026-01-06 17:00:00,13.009340110451818,7.273711600445293,5.029275277504816,363.7248927888787,8.39690677549886
2026-01-06 18:00:00,13.406758608684834,7.559740006984985,5.199214734956883,363.71202453017696,8.140406073256136
2026-01-06 19:00:00,12.554938710337678,7.6736448922720975,5.800738858213618,370.5209370822793,8.358853837678907
2026-01-06 20:00:00,13.78360294837987,7.670243649664001,6.018465828850988,350.65892355108576,8.202153660161166
2026-01-06 21:00:00,15.118037471208455,7.92041339380578,5.777001324859583,355.3683034849823,7.376235020215999
2026-01-06 22:00:00,14.696258382719396,7.831404602810523,6.135529456269984,342.29321965894593,7.642494593249762
2026-01-06 23:00:00,16.798221703753534,7.898927975862781,6.356290081945275,355.84539995105786,7.010301816115841
2026-01-07 00:00:00,18.129941397124206,7.8826928175716136,5.014960085687229,370.874130982393,7.041849265895451
2026-01-07 01:00:00,19.685006661401257,7.887928235273774,5.935698004949929,357.4364600504453,6.73122296928485
2026-01-07 02:00:00,19.881524644560933,7.736782652824256,9.965633331514457,369.7522043605169,5.913660648364106
2026-01-07 03:00:00,20.87530559939061,7.638837624215189,6.097932682377238,362.7396298806945,5.693319458420735
2026-01-07 04:00:00,22.591097801730637,7.859450506322498,6.697674819835845,369.2319333936697,5.6000139185788615
2026-01-07 05:00:00,22.978121468061932,7.518831483209176,5.56065286953482,355.90871553793727,5.882099092434516
2026-01-07 06:00:00,23.12524642517294,7.400860765054369,7.2307731960064965,369.6776044034023,5.6031370546960915
2026-01-07 07:00:00,23.002853236193836,7.181133370598622,7.22368913973452,340.3976310123177,5.612555026540204
2026-01-07 08:00:00,21.99011465813296,7.2361038252310514,6.105009389304135,369.965035515199,5.835971736161451
2026-01-07 09:00:00,21.651660754513248,7.084848308184632,10.595416376803767,357.0936637370817,5.271737026447354
2026-01-07 10:00:00,20.646536236649343,7.317791354499861,5.201240610926562,387.05994516546815,6.421300744069901
2026-01-07 11:00:00,18.93691951649942,7.214611378418636,5.025639380087701,384.410642113992,6.59634982085945
2026-01-07 12:00:00,18.932887255572403,7.031184965482227,7.205546125939674,382.9725228637829,6.983042920189023
2026-01-07 13:00:00,16.94282123494331,7.338873250018803,7.4688069620989195,395.21546105560674,7.131515436725183
2026-01-07 14:00:00,14.904348251398684,7.251766387185383,5.192103330317706,372.24378357343187,7.638572943607768
2026-01-07 15:00:00,14.79274289838418,7.184674149174518,5.463017096522052,400.9596788813972,7.633235516274025
2026-01-07 16:00:00,13.182532145964144,7.050059428512643,5.026562349059698,394.58415692205864,8.183121887280276
2026-01-07 17:00:00,13.563913170425892,7.625566639218064,5.520741823777485,384.6934948726845,8.009047140611429
2026-01-07 18:00:00,13.579297789503702,7.361042753323638,7.225145678192169,400.23015477401367,8.10602773991085
2026-01-07 19:00:00,12.7600297093788,7.438987743345319,6.094593913358105,379.6414845177379,8.237816415268298
2026-01-07 20:00:00,14.151561045699948,7.802257043200962,5.6417860146400125,384.3027450759145,7.751604789329305
2026-01-07 21:00:00,14.67085655753549,8.026817953108544,5.697200094739048,388.3158789624375,8.14065398817338
2026-01-07 22:00:00,15.911030079997255,7.984837443364828,5.002031814041522,390.9737182400387,7.531900964900579
2026-01-07 23:00:00,17.65430126581439,7.942761242520864,5.534585035866811,387.5648638585812,7.186734115153501
2026-01-08 00:00:00,17.877305941998557,7.959475434166529,6.559632629840776,412.23083067095325,6.753064950027331
2026-01-08 01:00:00,18.917227143333857,7.971711886393658,10.48574818142777,399.28101571011797,6.294741521572663
2026-01-08 02:00:00,20.055242785187247,7.922303020492452,7.816572497937036,407.26155436289,6.266754052138124
2026-01-08 03:00:00,21.127628763450005,7.810961854871557,5.035816675123275,399.8947101410286,5.83658128320594
2026-01-08 04:00:00,22.291576164215133,7.710420110395189,8.432440623833388,389.24608030332354,5.986916918655006
2026-01-08 05:00:00,23.000205118853664,7.597268305251057,7.293159036065228,411.9961539420599,5.778761708864571
2026-01-08 06:00:00,23.13834539966501,7.424603541113335,7.2737582725235,392.0034969436179,5.4085987596022
2026-01-08 07:00:00,23.24322075596336,7.368404874272316,5.918722179284669,412.25461179427134,5.376868644989522
2026-01-08 08:00:00,22.336627964861158,7.130704318580463,5.761259938992794,401.0546083322171,5.909229337646141
2026-01-08 09:00:00,22.26230094451138,7.2073233248459045,5.54127345497347,436.38671309006645,5.897636958257687
2026-01-08 10:00:00,20.36767158338103,7.054730727771133,5.101928285951407,427.38067844006696,6.469023065272248
2026-01-08 11:00:00,20.654179808807413,7.003270737762795,5.388613475649541,421.05213912870187,6.335909179472011
2026-01-08 12:00:00,18.312833673882498,7.117989415115347,5.4247457127514,434.3312537324246,6.98056520811542
2026-01-08 13:00:00,16.277325996279274,7.252829898118832,5.99269682683905,414.9002716389957,7.620859958124638
2026-01-08 14:00:00,14.964553750969454,7.245421499086455,7.064185823910074,430.43479378670094,7.666063620892357
2026-01-08 15:00:00,14.70570230168886,7.060107227163063,5.963138882923483,428.59970816295396,7.517329436503449
2026-01-08 16:00:00,13.558141588414898,7.2010371863429645,5.089377335093726,430.8062037165178,8.374039439929394
2026-01-08 17:00:00,13.52737111560071,7.490549500757812,9.747640106595135,442.4145442797427,7.971516123137967
2026-01-08 18:00:00,13.236618812286773,7.401751260646167,9.289818743528066,438.4994111207347,8.392274769477918
2026-01-08 19:00:00,13.133956412226228,7.581064303041307,7.306998853591876,435.50160719215626,7.761112204936336
2026-01-08 20:00:00,13.246476122043603,7.755005209902454,12.121466725039916,417.45976252626303,7.524810699615163
2026-01-08 21:00:00,13.707042481724333,7.686008266988256,6.179481164969435,425.7548761065327,7.538871522434176
2026-01-08 22:00:00,15.2767425239665,7.856947712128372,9.93589411967435,435.42550425553407,7.297854788316783
2026-01-08 23:00:00,17.134104171649117,7.7529677810238065,5.117923780173755,438.83230990003915,7.0950415194369905
2026-01-09 00:00:00,18.10704687206509,7.839863235604879,5.682804349469415,427.7895368766622,7.289647006001776
2026-01-09 01:00:00,18.67122583615661,7.918348523929882,5.383076494097887,464.34665574411764,6.6389628975473425
2026-01-09 02:00:00,20.586590462925564,7.68711078816061,5.326922636828463,456.47587926833546,5.982823512992311
2026-01-09 03:00:00,21.72819259579714,7.82689018627066,5.227635481056628,448.357393165339,5.950935554804548
2026-01-09 04:00:00,21.888198300821617,7.698036220107333,6.4609339585879715,444.02163880205933,5.486759474692371
2026-01-09 05:00:00,22.906491684418093,7.658776613482726,7.28023143668474,442.08367997621895,5.695573826128465
2026-01-09 06:00:00,23.029104359223,7.522391413406466,6.29518598404374,435.5292587948986,5.200188702538612
2026-01-09 07:00:00,22.25814398253003,7.532886424956375,5.238428023501738,446.6029179786874,5.91731271825395
2026-01-09 08:00:00,22.50902069909633,7.312522450264789,7.4999950187219815,449.12121283363774,5.2071829593824805
2026-01-09 09:00:00,21.815926169116867,7.174216733412856,6.515715482326096,434.77656076060214,5.830387348580846
2026-01-09 10:00:00,21.041525621587645,7.165819588789453,5.736940692166671,451.120404461756,6.494600156547329
2026-01-09 11:00:00,19.820996251530055,7.167959472388011,6.681886485600602,446.74370082620595,6.448691866844585
2026-01-09 12:00:00,17.311165316021484,7.10488600703257,5.451465041898076,429.66832003031726,6.954363445811834
2026-01-09 13:00:00,16.236992254529852,7.117688838604761,5.635120301740944,440.52447355386937,7.3709992084056255
2026-01-09 14:00:00,15.75751763360434,7.083390669705548,8.742178102944056,445.30548597703995,7.1900061557134
2026-01-09 15:00:00,14.721359069523395,7.150867195770284,5.514801699335696,468.562487068064,7.862706131854264
2026-01-09 16:00:00,13.92739682423083,7.15973947282003,5.952284205694841,455.4257211043966,7.649550700716644
2026-01-09 17:00:00,15.096736613882017,7.571430056277687,8.312838206392627,436.610219548421,7.5130454806597
2026-01-09 18:00:00,13.285445255346584,7.375613676460873,6.8450714777655985,454.8603628941764,7.4532532120662385
2026-01-09 19:00:00,13.738153688644955,7.534237098261417,5.0963330187111096,434.4919953500363,7.929851365494889
2026-01-09 20:00:00,14.146873862824407,7.62815927344308,5.239026595106983,460.6871003979297,7.841724106292891
2026-01-09 21:00:00,14.790161719720164,7.8723351501690635,5.01180874658596,444.97436397648335,7.927944060625611
2026-01-09 22:00:00,15.342365377679807,7.816915193684571,6.495120060202237,448.5051794238647,7.5194228200951985
2026-01-09 23:00:00,17.085389384734015,8.011144537783,5.890423680515351,462.3862901370863,6.858497674993704
2026-01-10 00:00:00,17.613587392731205,7.832650937575614,5.216281700885156,435.8747599232487,6.877976356565281
2026-01-10 01:00:00,19.175685922142563,7.914269746738008,9.752777514972834,434.3251094633235,6.270536769876557
2026-01-10 02:00:00,20.25731822608542,7.7628754561878015,6.131448281942694,441.942647025847,6.3067121469114635
2026-01-10 03:00:00,21.576470975625906,7.997357625251957,5.415396695463807,457.5779550256115,5.948517764619994
2026-01-10 04:00:00,23.487456302258956,7.581240158097047,6.041532578078773,431.3502266774418,5.4278159087249875
2026-01-10 05:00:00,21.895996535149465,7.634509689063712,6.7073727894098845,417.5065568123931,5.994497186703503
2026-01-10 06:00:00,23.343130095187256,7.56337768809321,5.118953202155076,440.536854811031,5.548783641413836
2026-01-10 07:00:00,22.023271195850516,7.437852291704141,5.481762764877639,449.7231776743397,5.928387675743792
2026-01-10 08:00:00,22.094161086027487,7.281471234112231,7.467329453526278,455.30388768661027,6.163714100756609
2026-01-10 09:00:00,22.08000920441643,7.204175217552039,5.923348582336021,437.7045963405602,5.602926313285506
2026-01-10 10:00:00,20.53214000954774,7.157970985684136,6.186395191408705,437.1976726446397,5.877956932157263
2026-01-10 11:00:00,18.755222836547986,7.098929469321525,5.850607275203467,451.76889633089087,6.882851496302378
2026-01-10 12:00:00,17.642348145370043,7.196387911679491,5.067339063350236,420.39415712644734,6.946950445063645
2026-01-10 13:00:00,17.045703648954756,7.3346819696435075,5.271832846137791,434.0133784054426,7.147743297599008
2026-01-10 14:00:00,15.134816684141414,7.097840659985442,5.884645351133414,438.55683249074184,7.471600018225082
2026-01-10 15:00:00,14.572695388858255,7.080176989567473,5.352037712373536,439.84752627217773,7.769662353394579
2026-01-10 16:00:00,13.692658901029715,7.291171795164875,5.07690682930419,428.9105699566372,8.38885221423142
2026-01-10 17:00:00,12.844570694751747,7.654443315724424,7.783484069581146,432.9587806809645,8.170934611077573
2026-01-10 18:00:00,14.071972044662663,7.419632543203025,10.96025165479286,406.2912165588068,7.558426525732443
2026-01-10 19:00:00,13.487330379713661,7.767439298585414,7.363590404851614,423.1085251553366,7.608562953427894
2026-01-10 20:00:00,12.657301687749,7.8677700814076434,7.884014903404218,432.70109002872584,7.8170423404117555
2026-01-10 21:00:00,14.557693251451951,7.7274838883038175,5.415562584063817,416.77866348322004,7.251204696833545
2026-01-10 22:00:00,15.169106767615784,7.903308469432302,9.852011532288182,425.58984221589606,7.060645990650684
2026-01-10 23:00:00,17.132121441885488,8.04920999282848,5.328962070262067,427.83215642168005,7.375414069779553
2026-01-11 00:00:00,17.603739630783604,7.862087225901251,9.537117977303078,418.2686949473003,6.748742597723465
2026-01-11 01:00:00,19.23672700477915,7.866012294505391,12.894220897983942,421.6992389259528,5.857093506416393
2026-01-11 02:00:00,20.752493639490233,7.788242070118911,6.865749172527023,408.63972556547355,6.120841616131129
2026-01-11 03:00:00,21.968411503017805,7.681367039405332,10.95636483413967,414.44784030079785,5.2744835323165
2026-01-11 04:00:00,21.729978815394297,7.635072245493401,6.264350543839109,420.8399204164374,5.982022018247871
2026-01-11 05:00:00,22.662378513524864,7.481133591364784,5.4507291087384795,414.51068186481035,5.94250811664106
2026-01-11 06:00:00,22.76252734441952,7.5034083468259265,5.861702514489214,405.2607340021764,5.400020554964104
2026-01-11 07:00:00,22.502964515158485,7.319475058853127,6.350481895642426,411.53774440105366,5.799140219213606
2026-01-11 08:00:00,23.212854139062753,7.323378591179076,5.113834553320766,414.59821121517496,5.871889984093169
2026-01-11 09:00:00,21.73802476141325,7.061567722905021,6.460654405092427,385.09881101939067,5.836408311344771
2026-01-11 10:00:00,19.869558022832486,7.18667786170767,10.959080311813082,415.3272453288803,6.0768425855346875
2026-01-11 11:00:00,19.753026199039958,7.196982565645265,5.316280911673001,398.50701232700555,7.093046247967221
2026-01-11 12:00:00,19.061078098506314,6.900626435742854,7.359623654234367,404.2548993324023,6.477899551352606
2026-01-11 13:00:00,17.222137404762993,7.151035326469129,8.577300858426886,410.102909522636,6.915396972967628
2026-01-11 14:00:00,14.740315017022976,7.276356737733555,9.315633553838744,382.54675834837417,7.235746473628103
2026-01-11 15:00:00,14.222349057634144,7.09619318565626,9.833407541672297,387.3073661705591,7.497322213944643
2026-01-11 16:00:00,14.303328555671136,7.467257238683768,6.1055220830854315,389.6623997324342,7.905669977770134
2026-01-11 17:00:00,12.816536135745265,7.438374282895597,10.678608177289034,382.86688443060996,7.766973616388807
2026-01-11 18:00:00,13.221909714073114,7.429498814424157,7.12395683558626,406.2233190605524,7.778187823981325
2026-01-11 19:00:00,13.557687895269314,7.597950710275234,5.264517761721285,378.491326806606,8.125398604275633
2026-01-11 20:00:00,13.206407745288761,7.755832691252172,5.971974248207481,379.70677348458617,8.39363982660059
2026-01-11 21:00:00,14.434703416036337,7.790443251615858,6.900534918381878,385.52993721827147,7.790997807055634
2026-01-11 22:00:00,13.879366329965471,7.900285760758412,5.426213149969694,369.71145352091935,8.17993454032603
2026-01-11 23:00:00,16.19371095382023,7.79430297120769,6.535042328692029,376.04859166645036,7.250665634673214
2026-01-12 00:00:00,17.87371592430344,7.916936082403608,6.647620618278444,381.48034565662385,7.016789004981037
2026-01-12 01:00:00,18.670203634530175,7.74499888082513,5.266358815697765,373.3079645425218,6.861666777440986
2026-01-12 02:00:00,21.316205651965788,7.835287555378907,6.248908081562987,374.0661314110006,5.855875632914808
2026-01-12 03:00:00,20.82046321695243,7.69245194832814,7.215161948062094,368.1050750497495,6.1370722019154575
2026-01-12 04:00:00,22.110104775573692,7.626447005741024,6.036411417739904,356.6892940050112,5.670493331644525
2026-01-12 05:00:00,22.894999420088375,7.727136935562055,5.018265433831551,373.5249228347173,5.647847546617793
2026-01-12 06:00:00,23.72063664453306,7.609131012059427,5.013619345776356,386.37484062353576,5.606344565747574
2026-01-12 07:00:00,22.11169805585563,7.457386194049712,5.66248428773016,367.56964574392833,5.965275911939101
2026-01-12 08:00:00,22.911708894999666,7.190768723532741,8.909474265578602,368.2440042839295,5.143278856676797
2026-01-12 09:00:00,21.540650436442544,7.185516442555902,5.389471656445876,371.5718884918412,6.286687379481352
2026-01-12 10:00:00,20.009245674476002,7.274899608484142,6.50917418758283,350.65410144304167,6.461172418282811
2026-01-12 11:00:00,19.525146962644243,7.127801360848363,5.376689419595764,379.1265604240234,6.440098630257187
2026-01-12 12:00:00,18.099529847786766,7.3319329539981695,5.582182052819833,362.93171384082655,6.60938237348149
2026-01-12 13:00:00,16.40579633590799,7.152961453423811,7.826227552631188,376.0886800025577,7.086947244943597
2026-01-12 14:00:00,15.534901042495024,7.1727947501352265,6.957687958439596,351.35773132896037,7.331317200760052
2026-01-12 15:00:00,14.271809295636414,7.186245641105128,5.150392434555004,375.8444092641641,7.9396365240460005
2026-01-12 16:00:00,13.726631653703434,7.313354090478228,5.839766526170267,364.45028475112593,7.911742101726001
2026-01-12 17:00:00,13.50143620581519,7.381225398320935,5.0444054897033785,361.3246311832931,7.718709027426862
2026-01-12 18:00:00,13.793008408072676,7.570810867668855,5.983459631953709,357.2918011484105,7.875732547126228
2026-01-12 19:00:00,12.55146311914123,7.699197849720465,6.628991400343319,351.6866010257567,8.138111257966697
2026-01-12 20:00:00,14.736389668405954,7.621401053949207,5.189199880155438,365.46162915252853,7.9237147998377795
2026-01-12 21:00:00,13.488422194306011,7.649719417118842,5.511381548490552,354.2094321830621,7.937116361652233
2026-01-12 22:00:00,15.424107452482183,7.662789624203445,5.760839726424275,332.55066267482147,7.90362409891154
2026-01-12 23:00:00,17.000063377729695,7.937169463206882,8.779825352445664,340.5318440684766,6.489673510192659
2026-01-13 00:00:00,18.140495933867502,7.789663339382613,12.498434113853527,349.3951468689814,6.4772661047082964
2026-01-13 01:00:00,18.982745465602267,7.67108127122038,5.068926593272524,353.9716661699911,6.70255718009656
2026-01-13 02:00:00,20.39593887482136,7.885268021966872,7.146987320450862,349.99257379974466,6.358233523718285
2026-01-13 03:00:00,21.2890334386033,8.032142664217899,5.697163736458234,362.5040974032745,6.123985563515098
2026-01-13 04:00:00,22.03544464045006,7.699392908846014,5.747501415326259,330.62879150055477,6.144299805559953
2026-01-13 05:00:00,23.25443017995585,7.687376695486173,7.105252176493012,351.4708441256317,5.3983948444511745
2026-01-13 06:00:00,23.178507742982525,7.508182935854754,8.759374989255758,331.82020774612846,5.10971148029323
2026-01-13 07:00:00,22.483174333815015,7.386583416639877,9.521718179880809,357.63208771542173,5.711135456012379
2026-01-13 08:00:00,22.779926956638832,7.391907648298779,6.291009415168196,349.19522299652095,5.653221190147044
2026-01-13 09:00:00,21.689183666371033,7.188129833106514,5.6626985009741215,354.5104892255791,6.055745928034672
2026-01-13 10:00:00,20.90643105941949,7.180329069893415,7.323566464365648,341.9196290828459,6.2879859715175215
2026-01-13 11:00:00,19.608909646474448,7.145799450103975,5.433527213418159,363.6663256549131,6.348028818620685
2026-01-13 12:00:00,17.58550249453896,7.033190954635694,6.24542426142766,361.67085103149736,7.098180129750345
2026-01-13 13:00:00,16.425814254388936,7.212833904438025,5.66610261781498,357.53915171566547,7.2089572233286905
2026-01-13 14:00:00,15.873646802561677,7.136093862816681,6.603424734481691,350.9261872420585,7.344811954782536
2026-01-13 15:00:00,14.769651226784001,7.141582771576096,5.412442803332764,358.60440633753296,7.780798706047581
2026-01-13 16:00:00,13.659422184095753,7.353650984357038,5.319034350926664,346.3873868879163,7.7531966465940085
2026-01-13 17:00:00,13.22903456020905,7.306625583779888,8.75593397268453,362.7274437967083,7.661380554115198
2026-01-13 18:00:00,13.638832447894213,7.502818115736911,5.161049928055688,371.44636554811825,8.344401473703504
2026-01-13 19:00:00,12.874585174136747,7.6026157183765894,6.057701837614727,366.50033592456134,8.3528217604213
2026-01-13 20:00:00,13.94342167166282,7.808589556583157,5.374332903335787,349.4027051127039,7.96418337628527
2026-01-13 21:00:00,14.363369767850289,7.830312535762612,5.0595619905708,361.2779632113169,7.951826050682928
2026-01-13 22:00:00,15.391159398386394,7.843907465639261,5.055025258416991,345.7566458466138,7.587859123434411
2026-01-13 23:00:00,17.255293200480967,7.968146960435655,5.28896111518749,365.49401412342337,7.428597265526605
2026-01-14 00:00:00,18.412708174493964,8.039020754901731,8.023521472806085,365.4144600052239,6.554400293537068
2026-01-14 01:00:00,19.700850043512915,7.942151361150814,5.4979290600020745,343.4032504474057,6.571363001548534
2026-01-14 02:00:00,21.152739403577133,7.847445423498115,9.507437168803639,351.72956796938496,5.990277461053766
2026-01-14 03:00:00,21.546035826749122,7.651659089239603,6.307055973760796,361.813271973235,5.827311148967459
2026-01-14 04:00:00,22.671103504569665,7.593488633692464,5.860685914722632,362.9827656400457,6.0579133692847
2026-01-14 05:00:00,22.67449575314862,7.5730051476055396,6.301568151791155,355.2908600819059,5.395126964585054
2026-01-14 06:00:00,23.16208317624422,7.4390487797840725,6.09067153849263,372.71529720058516,5.926340478312242
2026-01-14 07:00:00,22.76455760426151,7.37777525166045,7.133045552824022,372.82372681073,5.5210209268618256
2026-01-14 08:00:00,22.37862500141855,7.30566499248971,5.49796527259809,369.89130577703366,5.807007472820498
2026-01-14 09:00:00,21.833112418651208,7.270126562961056,5.6532303087839395,365.8404811726495,5.598396830222216
2026-01-14 10:00:00,20.090889658383308,7.146539960680317,8.367809341070782,385.48707126416565,6.049537707821557
2026-01-14 11:00:00,20.34028886335534,7.162279833866993,9.390891675416226,393.1906397172298,5.767877310414166
2026-01-14 12:00:00,17.496991309250184,7.106447441481012,8.34620934379596,373.47019820565674,6.669601969233163
2026-01-14 13:00:00,16.098810468093593,6.9160830128489845,5.815663840246241,373.8837296124647,7.366268805794202
2026-01-14 14:00:00,16.079055436750053,7.059656299104349,7.273685737327291,386.64502543580016,7.4444258899743385
2026-01-14 15:00:00,14.860297441048715,7.202748531953221,5.970356768617522,379.9057531047718,7.729410633156194
2026-01-14 16:00:00,13.981932889603922,7.179030525715884,6.032358424921054,383.8682692728224,7.962816265787136
2026-01-14 17:00:00,13.484543623186806,7.4564652549586095,5.343516300074068,394.4555792621207,7.875408586426778
2026-01-14 18:00:00,12.993876613576543,7.653075083234365,6.341538145360991,369.7803924271113,7.941226214149219
2026-01-14 19:00:00,12.721743682811738,7.725403803210738,5.308942816211496,403.88744289038095,8.64841480134618
2026-01-14 20:00:00,13.707775260174683,7.6786557129069815,5.6042235043593776,393.27469193448474,7.865593627567742
2026-01-14 21:00:00,14.125885238311204,7.931915326159614,7.896844767935532,390.2868447492128,8.010085864040104
2026-01-14 22:00:00,15.98755986670891,7.8612769072339885,5.348041489869654,395.3711537784643,7.419693644559635
2026-01-14 23:00:00,16.63237608373627,7.852661733403822,5.11072540550454,397.75473383638894,7.33129102574418
2026-01-15 00:00:00,17.587251401603726,7.8386597336459065,5.107256235603432,382.68798696555075,7.306534558084712
2026-01-15 01:00:00,19.133402304686065,7.856123361866816,9.23985843992532,416.81894198834857,6.5470420642236835
2026-01-15 02:00:00,20.706465727137807,7.807592479659652,6.060627101773699,404.1497610020274,6.195158345982361
2026-01-15 03:00:00,21.25367162953073,7.79988433471217,5.789955124702495,410.0282451096391,6.029937969442761
2026-01-15 04:00:00,21.91901682113898,7.716057398104986,7.49804906249275,416.96761101454916,5.7592567987615375
2026-01-15 05:00:00,22.951472737191274,7.603832220056357,7.710241998321455,399.0839557825426,5.55869912151646
2026-01-15 06:00:00,23.12248328555436,7.543693816974638,5.605629686094331,415.860765688168,5.837076947375928
2026-01-15 07:00:00,22.576157543759777,7.515537009437626,6.774384165749524,410.2645413461382,5.679368169283934
2026-01-15 08:00:00,22.094607866113048,7.394955413544134,7.211854599588893,423.2054664727101,5.878939833117479
2026-01-15 09:00:00,21.651558874611545,7.068667490680389,6.594798308520831,395.2416788942434,6.255302396949219
2026-01-15 10:00:00,19.775957829251354,6.898197724996029,5.246595876542074,417.276108215907,6.607612877485911
2026-01-15 11:00:00,18.590363338324302,7.2070616606083,8.129796924112922,413.9663946581474,6.601760044208588
2026-01-15 12:00:00,17.640777889373854,6.9633121301584575,6.161843540856386,426.0168164622195,6.669839008552884
2026-01-15 13:00:00,16.5991811986315,7.091153129295104,5.4979158529106655,428.06387328733507,6.774267087685247
2026-01-15 14:00:00,15.655453782799052,7.036578535880286,5.8306732417816525,417.9237410517797,7.580744375968107
2026-01-15 15:00:00,15.202144202542048,7.036959243767377,5.057442613554054,419.4798651840064,7.674754841752909
2026-01-15 16:00:00,14.098702792678836,7.354146272820476,5.205219673769996,427.05934921760775,7.851845799470343
2026-01-15 17:00:00,13.090401603572946,7.472387897989257,7.175748610268211,420.724587005523,8.058530778917213
2026-01-15 18:00:00,12.990491896048656,7.442348959927331,5.000017452234576,439.59432704745797,8.240294534924997
2026-01-15 19:00:00,12.66910618623574,7.344423388826513,5.808235475319907,428.92229855943157,8.477455956035856
2026-01-15 20:00:00,13.660616413081607,7.645375555174751,6.108818661400809,404.9387546953296,7.991186204241313
2026-01-15 21:00:00,14.320136774607164,7.822023113014871,5.084275353734745,431.6071184931093,7.762153613960701
2026-01-15 22:00:00,15.661359280169046,7.6985190046363625,10.422226304418164,426.2671553830516,7.24047079730778
2026-01-15 23:00:00,16.29228930271121,7.904706322493542,5.384518017774669,421.5858280026631,7.3450496575554896
2026-01-16 00:00:00,18.259673257120603,7.898469015082701,5.544036764201255,426.7173077411758,6.985985346034185
2026-01-16 01:00:00,20.060464682013812,7.944299480475738,5.543484537085938,441.32397370666314,6.3350532345493935
2026-01-16 02:00:00,20.445619925771535,7.858368198355192,5.392859045338092,454.598346998282,6.21934373692382
2026-01-16 03:00:00,21.736389766982214,7.685535818386463,5.002212363845578,445.46805470006404,6.082514967907028
2026-01-16 04:00:00,22.675199014777736,7.819657150166451,6.960364356612031,437.23623630706453,5.637729539353099
2026-01-16 05:00:00,22.629018895502426,7.587674660738309,10.109865228354124,448.7648116269375,5.427724160362348
2026-01-16 06:00:00,23.112046240905208,7.497269546049008,5.380971545666316,440.457540292931,5.630162134545118
2026-01-16 07:00:00,22.83592533183623,7.303145586051669,6.63171859019088,438.88210910186734,5.2605748512677755
2026-01-16 08:00:00,22.378965068196642,7.255671774880853,7.0315909119209365,435.00006074988033,5.615544865041069
2026-01-16 09:00:00,21.14902901400502,7.128677016122692,7.830015842055552,429.6758784479012,6.088504855721952
2026-01-16 10:00:00,20.512255087129514,7.136295232493884,5.823905869080838,443.8794032237126,6.230070425460916
2026-01-16 11:00:00,19.54309437113534,7.284800517498607,5.541306113089024,449.87682621365474,6.510819115404352
2026-01-16 12:00:00,18.725571803897555,6.962809885706864,5.590219878971953,447.78015890894227,6.9568603623096035
2026-01-16 13:00:00,17.185540187529995,6.952273529696699,6.870431803988635,444.96865438219083,6.8741771272668535
2026-01-16 14:00:00,16.576591228755735,7.300706871235588,7.545597125945079,439.9840807042886,6.792731836567978
2026-01-16 15:00:00,14.080792312623274,7.1962249198101915,5.300631697462459,455.7680724115118,7.917612528192837
2026-01-16 16:00:00,14.106033299438149,7.233092726134008,5.695295359950171,436.68887065959314,7.807127348895697
2026-01-16 17:00:00,13.262041871423845,7.500462850698597,8.483266623765548,457.7253143778547,7.642913605816833
2026-01-16 18:00:00,14.094901466608835,7.4394384460263145,7.465217553094057,439.97782981073277,7.694677186858648
2026-01-16 19:00:00,12.766221725877077,7.7861285893957,11.285464308023563,442.4406828658896,7.778199267177731
2026-01-16 20:00:00,13.25001205998743,7.767792587133928,7.105150157480061,435.1923379529022,7.975124256941574
2026-01-16 21:00:00,14.164769771345195,7.734051571660045,5.7493221843254965,444.67158902580576,7.9452715532684
2026-01-16 22:00:00,14.438052137845068,8.062140982840324,6.3397325349499365,459.1946658960362,8.119195251746824
2026-01-16 23:00:00,16.443027263646957,7.825798838215292,6.622695830619387,454.284604546104,7.15839782871481
2026-01-17 00:00:00,17.62043366922313,7.974209537200931,5.122556833182247,458.5306167293715,7.138305626304927
2026-01-17 01:00:00,19.36929211875073,7.916299588556276,6.1795293295286156,453.51771677379276,6.437881364839629
2026-01-17 02:00:00,20.670877987888577,7.976584290453655,6.853302685035242,436.74194200400336,5.977678290546937
2026-01-17 03:00:00,22.47361932554071,7.938993832147302,5.274661145469417,443.8862742721428,5.737147523384327
2026-01-17 04:00:00,22.805338938015186,7.703200414906581,7.275504958961168,438.7416961410357,5.475363055295749
2026-01-17 05:00:00,22.541177303614134,7.528185831006391,6.314785950720414,459.1338618338892,5.80512223853385
2026-01-17 06:00:00,22.550792664325822,7.545997214293915,9.56177826666577,433.0805569308578,5.875939164592118
2026-01-17 07:00:00,23.075588717198595,7.328700844983781,5.065022615783168,453.1427465691216,5.581391871866867
2026-01-17 08:00:00,21.670010415411888,7.501338724752665,5.462492904214157,452.2308088903096,5.95292304460252
2026-01-17 09:00:00,22.451263288859906,7.230810820633654,6.380274492743366,460.632411978575,5.736532125888437
2026-01-17 10:00:00,21.089720060360722,7.117057683355017,5.527658853656953,437.2150727895048,6.253963869286073
2026-01-17 11:00:00,19.059507399460298,7.132097700070864,6.879871490283138,447.35311058413504,6.599846163497569
2026-01-17 12:00:00,17.143432735454564,6.9652873710470296,7.134470397364772,461.9080924887899,7.257513935189506
2026-01-17 13:00:00,17.382840961570132,7.016468265633307,5.162239919057891,431.7221693879357,6.652787353594636
2026-01-17 14:00:00,15.44273007737368,7.273631229280667,6.0818708653176135,421.30219111616765,7.053744420085684
2026-01-17 15:00:00,15.083374250054003,7.15146785962824,6.066632412484723,416.5552387202498,7.523317561835996
2026-01-17 16:00:00,12.87265915168061,7.195308901731807,5.691341714280885,441.1357571771593,8.432161078160503
2026-01-17 17:00:00,12.870683357077791,7.450137657211715,9.052912750650762,413.7828684833203,7.563908279344355
2026-01-17 18:00:00,13.002621849859091,7.618570415466297,7.636092020192123,427.4512995635575,7.3842088675772635
2026-01-17 19:00:00,13.193861165437015,7.67542294910751,6.792070612622569,434.0641411490647,8.13656352862233
2026-01-17 20:00:00,13.444840245338176,7.799604768580581,6.879359305738324,430.0177582714803,7.999585452832166
2026-01-17 21:00:00,14.775891060240982,7.707163203617671,5.929053866343914,430.85605246760866,7.495080166945478
2026-01-17 22:00:00,14.966189785308703,7.704229094839591,8.807357113568056,427.2228985580085,7.180608922171833
2026-01-17 23:00:00,16.63471503197679,8.036503695711177,6.779176870001313,436.15208954678707,6.969454811078736
2026-01-18 00:00:00,18.060147815855892,7.867732016115787,6.958349866032925,412.17102314848995,6.811235122927522
2026-01-18 01:00:00,19.551314642541968,7.861287028870123,7.967396406307358,413.2246498314017,6.190168643497171
2026-01-18 02:00:00,20.85580743904441,7.979229575698683,5.480455815393162,410.54045676561157,6.336815342494686
2026-01-18 03:00:00,20.973212860013803,7.838465713414685,7.4681488026868985,424.81587121638444,5.4389565721469815
2026-01-18 04:00:00,21.56306993355437,7.745588777208162,5.32581789784855,423.7417446044959,5.905280353800992
2026-01-18 05:00:00,23.4684675423946,7.8200278525311155,5.635463366249022,417.4532054483111,5.344125985594238
2026-01-18 06:00:00,23.166157005989795,7.435648176961993,5.613329954405342,422.9609833667151,5.595859617387519
2026-01-18 07:00:00,22.455385863167074,7.489256394767119,10.761331433378924,397.515171684382,5.202410839172312
2026-01-18 08:00:00,23.105703006683452,7.305701312489708,7.912519514558664,424.1243544243201,5.591891052852423
2026-01-18 09:00:00,21.593371223079185,7.244016515411708,6.811819948977332,420.83061002228806,5.548607845000459
2026-01-18 10:00:00,21.0896485920319,7.306436681127477,6.947737135130321,411.09272465177867,6.041912433745143
2026-01-18 11:00:00,19.32785446621767,7.1644132451133355,6.238553869526196,419.6875488015269,6.655848281135304
2026-01-18 12:00:00,19.03037396244096,7.153829607904963,9.408763295763801,383.4337679232223,6.6728596671257705
2026-01-18 13:00:00,17.583575195709063,7.220880403215352,6.0285388119815835,392.88595892355727,6.904899125655881
2026-01-18 14:00:00,15.375517925760484,7.117094565531935,5.718306748523256,388.91046071385927,7.649181564578057
2026-01-18 15:00:00,14.950251569544477,7.133236320791477,5.266960141910228,401.6165694324081,7.374968534910385
2026-01-18 16:00:00,13.992560955870387,7.1955190805978955,7.3141110768246795,382.0464792951698,7.29205741248733
2026-01-18 17:00:00,13.854686647320843,7.199836723021389,6.988893922958304,398.2793711352292,8.006393821030297
2026-01-18 18:00:00,12.517538269709949,7.705620712994032,5.727627264273626,402.57931474215144,8.296740647415538
2026-01-18 19:00:00,13.51339659855389,7.493206781468843,5.038274301431587,394.0110767457139,8.353525958178052
2026-01-18 20:00:00,14.199085224502575,7.67787463764142,7.739501474165962,388.0997515160698,7.40159796866381
2026-01-18 21:00:00,13.585096350855698,7.755161382485726,5.0172255036563955,373.60731349323413,8.205983789826185
2026-01-18 22:00:00,14.908370743667081,7.877150831294684,6.824573120990356,373.26443912042663,7.964213570092966
2026-01-18 23:00:00,15.68628868560735,7.967944051769558,10.272747736909718,392.50158783697964,7.135094176578644
2026-01-19 00:00:00,17.8652965827777,7.9860473488359744,5.863476487455438,386.09930308317547,7.002644506678242
2026-01-19 01:00:00,19.652866353410605,7.828062586658733,5.40176702157306,376.24637339257146,6.548317925654913
2026-01-19 02:00:00,21.251178526047948,7.829697990135138,6.830514146179697,370.82090454234117,5.689977662444861
2026-01-19 03:00:00,21.5725812961426,7.811100707523451,7.548454401513988,353.1403174431195,6.12312382295502
2026-01-19 04:00:00,23.14443479170781,7.67513088738165,6.1859095447833505,361.1254729099746,5.4731288196337
2026-01-19 05:00:00,22.139578402337893,7.764262175643009,10.118475854604625,389.42318159272224,5.554154465231667
2026-01-19 06:00:00,22.148308780322424,7.5490974951638234,5.079577082063842,356.02095419703863,5.642358235398759
2026-01-19 07:00:00,22.801855281997035,7.469960160563974,6.05417700339286,369.2804276483047,5.458226546259899
2026-01-19 08:00:00,22.522159743391832,7.366288126866738,6.901188871024667,376.065802843406,5.966358656894022
2026-01-19 09:00:00,21.519186531885733,7.3345046732739165,7.977730238646019,352.0954342606497,5.752969885372396
2026-01-19 10:00:00,19.46627894998008,7.171691994356596,5.296315340239932,365.1945111563195,6.894453823689496
2026-01-19 11:00:00,19.249535205756256,6.983946474688788,7.414182982106064,371.48056921783393,6.430551768538626
2026-01-19 12:00:00,17.347765249747578,7.139968795175264,6.206812381099745,361.03341909567104,6.673997894861559
2026-01-19 13:00:00,17.040741048902447,7.04849398010519,5.757647290254169,388.45414156833425,7.3424635286953155
2026-01-19 14:00:00,15.683299123048416,7.100728170311249,5.211852965171739,342.0020686954183,7.4400114591696
2026-01-19 15:00:00,13.994526200903648,7.275793689400886,8.007010565906382,368.2510753374246,7.840405155886859
2026-01-19 16:00:00,13.412939522409484,7.423828307143361,5.256668695814467,354.97071243681347,8.126140423324198
2026-01-19 17:00:00,12.640764107610183,7.398599539632598,5.556134417333649,363.51343187313626,7.975571885775515
2026-01-19 18:00:00,12.968660451363414,7.530883301259894,5.513831660791581,359.36462812187153,8.239310674154101
2026-01-19 19:00:00,13.64794202880528,7.773749112504533,8.076736405550465,346.8403252354012,8.219585480674192
2026-01-19 20:00:00,13.177009957910027,7.724075317948855,6.675330868589194,355.7462764923832,8.136811715366465
2026-01-19 21:00:00,14.716489351826203,8.04301102389266,7.389471587465961,334.22681897059874,7.57042695269576
2026-01-19 22:00:00,15.234871190813715,7.902961126076927,5.432459198289839,358.2538347164069,7.863104962858967
2026-01-19 23:00:00,16.30946835835619,7.710294054600045,6.470740362464849,354.68529334545184,7.317692567205089
2026-01-20 00:00:00,17.94648482002266,7.975334162110453,6.272058143183804,357.6402060773399,6.928079826728513
2026-01-20 01:00:00,18.776474064302903,7.924486169003905,7.683119411289376,361.4528595892071,6.319244508363517
2026-01-20 02:00:00,20.22317534732637,7.975385436922052,8.548080651815111,354.2346570908407,6.136167703144816
2026-01-20 03:00:00,20.936594959638313,7.850160847601615,5.018346904113457,351.79528370332065,6.471105252962465
2026-01-20 04:00:00,23.31248958538041,7.686154401601621,6.681378501334304,341.3291267743281,5.336527323101462
2026-01-20 05:00:00,22.847260907431192,7.481097794412076,5.079841376069334,342.9127571240896,6.065099799784658
2026-01-20 06:00:00,22.65013724600371,7.479097674271398,6.193961911054834,361.86734620177333,5.699728292564564
2026-01-20 07:00:00,22.936619086812463,7.311420336538065,5.508742505854829,364.39831881763985,5.537417075403693
2026-01-20 08:00:00,22.273962994076776,7.241947655019527,5.549604446794193,347.75870577782047,6.076075222185436
2026-01-20 09:00:00,21.42504910616615,7.276015127967443,5.6530172745186755,350.7744169778706,6.021077148858941
2026-01-20 10:00:00,20.8070833500217,7.320580288921365,6.456486507707392,341.51231493880596,6.304483489221058
2026-01-20 11:00:00,19.672849080536338,7.153096822466672,5.609810952174251,362.59924479101005,6.462454908196783
2026-01-20 12:00:00,17.734749426194778,6.980411693796481,6.979070155989152,357.9077726278266,6.856440399146409
2026-01-20 13:00:00,16.417995654165125,7.158089936306386,5.777599818160744,371.1158830501841,7.416453145509503
2026-01-20 14:00:00,15.362474151424202,7.273252987150789,5.1062022596203835,343.43812893889555,7.706940647699912
2026-01-20 15:00:00,13.313505511699459,7.156178997093443,7.297048472875,349.02575449439945,7.542812418697286
2026-01-20 16:00:00,12.912277449978536,7.286598283332707,5.5048008394275705,355.77077179304547,7.997201805543732
2026-01-20 17:00:00,13.853808002276914,7.397941201431914,5.850477368991414,360.63678258375893,8.137382259489794
2026-01-20 18:00:00,13.822483856750642,7.42151016869177,6.734889180547738,352.7948802294027,7.844462799977255
2026-01-20 19:00:00,13.045852848776462,7.668355661425393,5.606225313035747,347.0646194202325,8.073167995948026
2026-01-20 20:00:00,13.958151462605663,7.687905185139218,5.087374555735847,365.5128051000137,7.730009875723505
2026-01-20 21:00:00,14.620091171339023,7.824795956865321,5.702418189278221,364.8751436640417,7.558788123982252
2026-01-20 22:00:00,17.039440404227584,7.757660943733564,9.335669373752047,349.525320278563,6.40221323357551
2026-01-20 23:00:00,17.26569223020469,7.842624500483287,6.539720991006668,373.3245390227215,7.0093486996078544
2026-01-21 00:00:00,17.93604120425952,7.972238135782778,6.669732453042562,372.6104129685645,6.729328937514654
2026-01-21 01:00:00,18.81632500521234,7.849087015306452,6.500659035104208,363.44437881520525,6.452535266989431
2026-01-21 02:00:00,19.696776839871205,8.019106546637117,5.3328267768931585,364.143385032269,6.528898427309292
2026-01-21 03:00:00,21.63726572386632,7.742879093913161,5.812787968266338,370.18523865183164,6.082198898377333
2026-01-21 04:00:00,21.951951646280044,7.722468472575188,7.085090957148011,357.3743324088915,6.222142579157177
2026-01-21 05:00:00,22.1185022766465,7.696786701228319,5.160330683081545,367.68594422773464,5.651964678617578
2026-01-21 06:00:00,22.676713557878738,7.358163426706695,5.488289374464943,347.3016744609715,6.013868881743925
2026-01-21 07:00:00,22.288855129638165,7.22039150076092,5.485107111962153,379.07354717635417,6.073895818597258
2026-01-21 08:00:00,23.173697836458494,7.147434368542993,5.848500776068971,356.21906487240034,5.465906915403139
2026-01-21 09:00:00,21.976353784407507,7.343415697868103,10.895948199919484,388.432594458523,5.456963924823381
2026-01-21 10:00:00,20.496013679341708,7.098404023896981,5.104833287744184,371.6987990603355,6.2739866015226315
2026-01-21 11:00:00,20.034067294957598,7.369449598051197,6.096899853058921,374.5198987670351,6.4189309070384555
2026-01-21 12:00:00,18.038684153823887,7.043575240134261,5.296514691013267,372.02847398327697,7.262503695123612
2026-01-21 13:00:00,16.2752626738233,7.132084799804075,10.29405137783866,377.12501004479213,7.0229004402865725
2026-01-21 14:00:00,16.26156203863482,7.307800833743012,5.180378787733313,395.91826223316053,7.518293286214652
2026-01-21 15:00:00,14.733921115909556,7.417766576341297,5.775268065169608,358.6079603368908,7.652931050514723
2026-01-21 16:00:00,13.151249903914602,7.506150357663636,7.008457823551562,398.0318951403366,7.714530408681326
2026-01-21 17:00:00,13.075201529512855,7.517309005018305,6.828905973054734,390.4392825558911,8.006615378208233
2026-01-21 18:00:00,12.562190873307621,7.6024062525811384,5.8241642345298645,376.803736823612,8.51835748919289
2026-01-21 19:00:00,12.478971003072473,7.6627803129611225,5.63817459339773,379.9512957113619,8.01100621857418
2026-01-21 20:00:00,14.132961754843617,7.777836107616662,5.760281227151189,409.31181696327315,7.679713564938637
2026-01-21 21:00:00,15.419174414302343,7.727724140841767,5.460350882405059,384.9467073954073,7.62442485543072
2026-01-21 22:00:00,14.800716213090487,7.764590273171548,5.344748064307006,384.7299902147192,7.568415183327225
2026-01-21 23:00:00,16.98738939283265,7.886032884774531,5.98968378780257,409.503585709831,6.9956795835885375
2026-01-22 00:00:00,17.674678715439097,7.882981537747508,5.469056308930902,403.3855287628591,6.9497049739015
2026-01-22 01:00:00,19.050532533630168,7.841047525582902,5.508382346950571,392.4903039484522,6.413405151059371
2026-01-22 02:00:00,20.203803037880526,7.916048906259449,6.603970849074776,405.90275443336736,6.093827786379117
2026-01-22 03:00:00,21.103538521092826,7.87837323333167,10.188430353959474,395.3406969687626,5.845957917688308
2026-01-22 04:00:00,22.354387832894627,7.7088406886291825,6.388137990414001,418.4603272930347,5.51111528628875
2026-01-22 05:00:00,22.414154073239807,7.751280626146539,5.120155698289918,419.909290006877,5.564871484962088
2026-01-22 06:00:00,23.13522841288992,7.385831088586651,5.117889011732826,416.4461086860352,5.578398999697458
2026-01-22 07:00:00,22.804510076720803,7.377106436031029,9.536914486148646,416.55756286759606,5.491572132706904
2026-01-22 08:00:00,22.210652995489024,7.228317767939725,5.529218172077539,432.34963996921897,5.8550305723206115
2026-01-22 09:00:00,21.08175207491196,7.030503625818076,5.14487701448121,416.5108163716406,6.122158064200765
2026-01-22 10:00:00,20.211614334715822,7.145321769901954,6.370857571638236,406.44830996411173,6.318882418660342
2026-01-22 11:00:00,19.671790838425427,7.101454918646043,6.465848706950876,424.4893403443101,6.086325933126625
2026-01-22 12:00:00,18.250458593812233,7.251344974324213,6.568338921234698,442.554657451249,6.8794925901784785
2026-01-22 13:00:00,16.21712715208812,7.17671083793985,5.466737295004349,413.21583648179455,7.475731488758264
2026-01-22 14:00:00,15.5496661527147,7.0511711560533,5.022839020827337,421.3853723330601,7.5284378649194466
2026-01-22 15:00:00,14.840159655753197,7.4025665441587964,10.029269661811945,430.76606420678127,7.48821802223979
2026-01-22 16:00:00,12.835170340517129,7.422103369552534,5.433310264278899,427.62695441312366,8.02237716865222
2026-01-22 17:00:00,13.44205096474462,7.454682152305855,6.6906393536692415,419.8679734749018,8.196005122097635
2026-01-22 18:00:00,12.668688120527076,7.477351590115012,6.8394803366751145,442.3930686552413,8.179778669319768
2026-01-22 19:00:00,13.455670202851232,7.507583694368659,6.41244133728773,455.81477778407873,7.927527797582784
2026-01-22 20:00:00,13.288243402806556,7.662779322392896,5.562929297726134,435.96995147878505,8.117671492452084
2026-01-22 21:00:00,13.562025043734943,7.891717574445033,5.474320386548849,426.3146561619674,8.040608747249191
2026-01-22 22:00:00,14.686228781058382,8.034868792107234,6.365717544830538,421.1629883409566,7.935927629535894
2026-01-22 23:00:00,16.72994724781809,8.040694683342846,8.015944126240985,440.47834596948445,6.800582949927177
2026-01-23 00:00:00,18.129861250860785,7.851115057821373,9.398677941413844,450.13034755656406,6.3751630453141
2026-01-23 01:00:00,18.841936912960346,7.774408587186727,5.167916217736141,444.98156645328726,6.979984728400795
2026-01-23 02:00:00,20.819296229388677,7.8604987862048965,5.2523237702946455,441.28790030661116,6.150836578586595
2026-01-23 03:00:00,20.704773874798178,7.605998775918341,9.343457389548378,436.4434934435211,6.0695674078119355
2026-01-23 04:00:00,22.2970871195985,7.732316771418483,7.0007534207130835,432.379633862041,6.065540074630809
2026-01-23 05:00:00,22.22412103156411,7.588767359411143,8.21829284951667,452.55328293847924,5.541781451768979
2026-01-23 06:00:00,22.67408194609892,7.453396349813174,5.339659655824988,454.18615960897677,5.933786013207833
2026-01-23 07:00:00,22.853328467103534,7.237002075232308,6.328590900897064,430.3708149265915,5.423070336866439
2026-01-23 08:00:00,21.899920336280235,7.3513600106569745,6.811668028356622,462.44207721401705,5.994799772707841
2026-01-23 09:00:00,21.34325613381782,7.16388720355919,6.709675979523766,452.9348787243584,6.033103165790521
2026-01-23 10:00:00,21.003146404607303,7.0365981549151995,5.786757367255915,461.77458674076496,6.265145318554626
2026-01-23 11:00:00,19.00564929075108,6.826403448156209,5.023271935196623,434.87501382960227,6.617146069385489
2026-01-23 12:00:00,18.41784605603258,7.097248509494936,6.311737626636007,435.08815405493675,6.43214804021482
2026-01-23 13:00:00,16.141051347158555,7.290854829151348,5.437739048567772,447.63863056399146,7.521613671303485
2026-01-23 14:00:00,15.764902088957697,7.319715759941009,5.89744906002155,454.4693855802083,7.05634894126253
2026-01-23 15:00:00,15.185250404396228,7.171447661866752,9.740238889250815,467.64921872393177,7.166193411527354
2026-01-23 16:00:00,12.434050731014151,7.239778793963824,5.763828666454568,456.92097899721034,8.503340823884999
2026-01-23 17:00:00,12.77192324081944,7.443349807566488,7.747013410271663,447.5382224712996,8.070697395942581
2026-01-23 18:00:00,13.28853606359027,7.400161456081168,5.313381396756945,439.7363079233411,8.5361963733847
2026-01-23 19:00:00,13.068848175533162,7.633706808022956,6.674219921694458,462.2650409666114,8.270387794463618
2026-01-23 20:00:00,13.855445917763484,7.776608027838472,10.658845213528497,440.21313560155187,7.339474321541164
2026-01-23 21:00:00,14.162473500709316,7.905536034863046,5.161199264630941,465.9702960423853,7.9487243743298635
2026-01-23 22:00:00,15.543294893736443,7.83639475386578,5.012532119187867,446.5976948151913,7.603448924138215
2026-01-23 23:00:00,16.628066156791256,7.866002955497929,5.852636535237603,465.0341443878429,6.9412844546092
2026-01-24 00:00:00,18.58389103082984,7.812201741324344,5.145799993607915,455.535708509684,6.651367459634877
2026-01-24 01:00:00,19.42130564716319,7.803682295111642,7.069778829343642,446.9263364200288,6.325543523878866
2026-01-24 02:00:00,20.66880133103762,7.823762272323622,8.689712349344473,442.5846765710458,5.55658433173496
2026-01-24 03:00:00,21.32959542287155,7.819579263156233,5.853797383581856,443.78508774195757,6.091720099574256
2026-01-24 04:00:00,22.08632390688593,7.791358462623327,5.449048373742979,450.82685435596267,5.883699816973611
2026-01-24 05:00:00,22.613350037535533,7.523209722972973,5.854811048800018,446.599677755676,5.4266026054738
2026-01-24 06:00:00,23.19722607118915,7.64926885689596,6.92803362793409,439.11032931443395,5.58873269246477
2026-01-24 07:00:00,22.61913689103522,7.369360021854739,5.013643099410843,442.54945557205417,5.987026016238302
2026-01-24 08:00:00,22.475014447370402,7.297863270565157,6.335400908434217,444.0870404864135,5.793113193086955
2026-01-24 09:00:00,22.57323430525543,7.142436119610597,6.425126866778219,421.0488690172661,5.649365101966526
2026-01-24 10:00:00,20.935562351715898,6.9111658124589335,6.522875362029752,445.8936198636867,6.232110306218421
2026-01-24 11:00:00,19.1310834594287,7.2020342091204785,5.415651534539602,430.4326767411653,6.811708053784203
2026-01-24 12:00:00,18.60060696108209,7.173684389709243,6.877921748948505,427.55825009134406,6.723536798778564
2026-01-24 13:00:00,16.50186708797669,7.08549691377255,5.143761433408754,421.02514268616557,7.195234634577999
2026-01-24 14:00:00,14.480937732411101,7.16028891020871,5.333347831384097,418.71366861281234,7.901750936861051
2026-01-24 15:00:00,13.960422938608554,7.268751209295791,8.14909964267078,421.80086402820456,7.93408043124588
2026-01-24 16:00:00,12.734477020564853,7.143745414311349,7.0132620629679945,426.918427312241,7.995728726839641
2026-01-24 17:00:00,12.994614126534016,7.343567114224359,5.0207613482883895,452.14696193917183,8.668858201364143
2026-01-24 18:00:00,13.009209189594776,7.579426467962183,5.428279139725521,425.9156933339846,8.099743601831676
2026-01-24 19:00:00,14.008589524692274,7.478098675724075,5.361973661387709,431.4685103413555,7.968136655356187
2026-01-24 20:00:00,13.833336667959859,7.7293557932166586,5.473723871403917,432.1708167682444,7.859796326668377
2026-01-24 21:00:00,14.35491582966282,7.647184532012278,5.426650571685684,427.91225568792544,7.913260152599778
2026-01-24 22:00:00,15.914702790591768,7.8930531597571285,5.096849855484972,424.22556539274007,7.163194978276506
2026-01-24 23:00:00,15.600337119983383,7.8828061822858775,5.921339083013203,411.4104937776607,7.398573451939491
2026-01-25 00:00:00,18.117807279054254,7.7384868184094495,6.979263345048906,436.2034624386701,6.554197605661833
2026-01-25 01:00:00,19.6795278224561,8.002844265961343,6.399894898542376,438.0665676523659,6.467196224110195
2026-01-25 02:00:00,19.760706877110003,7.772951003833974,6.676104101454721,401.44046427709293,6.5911023456788085
2026-01-25 03:00:00,22.107410927536172,7.701817468773183,5.126947245242293,406.2736671888945,6.089653781014638
2026-01-25 04:00:00,22.499375222669396,7.720056919723095,9.538999934951022,411.93965529677524,4.94692432866577
2026-01-25 05:00:00,22.621985174494952,7.718391352983876,7.734799359737433,403.29557430602404,5.979437700988095
2026-01-25 06:00:00,23.316390933053142,7.398417818102165,7.452828499232297,416.1857022323745,5.484675404937658
2026-01-25 07:00:00,23.964975560347543,7.40264036694379,7.597271080482097,402.01285833407957,5.093729173766305
2026-01-25 08:00:00,22.421060146451495,7.342881650033065,9.048126789794576,429.1026739868749,5.521347868205857
2026-01-25 09:00:00,21.659644199082955,7.286467848251699,6.178729351775052,417.50370974860135,6.002453979552294
2026-01-25 10:00:00,20.2703195502299,7.1712339940139485,5.335244203699021,405.86224498564354,6.26552594868231
2026-01-25 11:00:00,18.869173040780193,7.07692688557604,6.438733185196368,412.13942234701364,6.67841675475373
2026-01-25 12:00:00,18.415167908272064,7.017240977935128,7.037327279352253,411.05900424357316,6.570980837472697
2026-01-25 13:00:00,16.277862861533002,7.122244057789009,7.0086432985601,392.49096540560134,7.148797556222735
2026-01-25 14:00:00,15.535783118609695,7.046375937287664,6.105488811795073,388.10132287525926,7.368249512017052
2026-01-25 15:00:00,14.225637370684773,6.925022239175915,5.106372160380555,395.18320682453117,7.646419183342821
2026-01-25 16:00:00,13.90936289395103,7.343655980415763,5.695705386134442,401.1642479361706,7.982256031941876
2026-01-25 17:00:00,13.337201921198135,7.48686586606761,8.8030361880549,392.09502362838856,7.902455788198243
2026-01-25 18:00:00,13.51876997212895,7.263706756445819,6.317224567059623,373.10398848027427,8.091561769477075
2026-01-25 19:00:00,12.915362669127267,7.502554547570009,6.1593637070523295,379.0308033053657,8.319208012539997
2026-01-25 20:00:00,13.53493551343111,7.7619154261005185,5.469712172878796,384.522512643511,8.134162946357318
2026-01-25 21:00:00,13.975084236176022,7.988592259445782,5.689364680329721,382.7293908589835,7.8307473732796415
2026-01-25 22:00:00,15.277853369961873,7.848489532281312,8.385644690088508,401.4583705495783,7.509904961386918
2026-01-25 23:00:00,16.894555021009783,7.813570036392713,6.647002426619098,366.145519360023,6.840157494117257
2026-01-26 00:00:00,18.37849430832268,7.881710355889516,7.3224226896124405,383.36170546248087,6.49299987745559
2026-01-26 01:00:00,18.833012563423836,8.023857972430445,5.908653719631948,391.52769966962984,6.508041472896197
2026-01-26 02:00:00,20.93480296005279,7.781813743601323,6.492380986032533,397.714497454228,6.333072373211412
2026-01-26 03:00:00,22.213352835335208,7.702923511809594,5.4282938047945075,369.3544219423936,6.092390113514762
2026-01-26 04:00:00,22.536844470533993,7.651725647781804,6.8335149209059765,376.74829162402096,5.779898437684903
2026-01-26 05:00:00,23.768027037724355,7.508194757215143,5.836879341983543,376.0065942933113,5.688691279412916
2026-01-26 06:00:00,22.613105400448212,7.512267031599482,5.876561629855963,370.7803272225963,5.583210930419953
2026-01-26 07:00:00,22.207301779789628,7.558940227805946,6.5718316715798055,366.3971774237009,5.860710411866808
2026-01-26 08:00:00,21.440766894470094,7.332307927311608,9.129899820664608,370.35111700645456,5.701783408639383
2026-01-26 09:00:00,22.283556061677356,7.191921937312754,5.0992198746384485,339.32220008847577,6.088565417893799
2026-01-26 10:00:00,20.827182828177023,7.12440871159467,7.612254747810727,370.168101309135,6.0089339716642325
2026-01-26 11:00:00,19.266302890057464,6.9573105886147095,5.518778672219203,363.363192879347,6.554557832581698
2026-01-26 12:00:00,18.13998431315996,7.188310977714716,5.880263193841845,358.68367690881587,6.985159306038024
2026-01-26 13:00:00,16.143160250838214,7.105845949783093,5.0332354879842045,380.23873296886217,7.636120221930273
2026-01-26 14:00:00,16.72287598980838,7.135541847127164,5.537255687854458,351.9387210962948,7.131886394793099
2026-01-26 15:00:00,14.529076685054921,7.5364680443098635,6.047635342201444,353.63303014793553,7.750752160245651
2026-01-26 16:00:00,13.724570378380262,7.329875290836568,5.0867234792719325,376.61426283282543,7.84849693074941
2026-01-26 17:00:00,13.533254180504036,7.321293276949464,6.013243030345961,347.473617276271,7.515749948340806
2026-01-26 18:00:00,13.240504615868357,7.457364240379439,8.928218676686868,349.4504037755137,7.837143904646969
2026-01-26 19:00:00,13.282312880694215,7.718372188960681,5.167056510636237,352.70163297219267,8.284497200013748
2026-01-26 20:00:00,13.274635753355156,7.711327041053777,7.168689067608202,361.8636573890853,8.016885516717736
2026-01-26 21:00:00,14.700200272635298,7.639014914642885,5.7906130411959875,354.88385855811475,7.355976284170702
2026-01-26 22:00:00,16.441012248237477,7.938333054971294,6.5970717636801846,339.29510623917037,7.159869875557318
2026-01-26 23:00:00,17.378614797564882,7.8195559219617286,5.4521373063718475,346.38202305427467,6.666463017961378
2026-01-27 00:00:00,18.796593313319594,8.087329777621754,5.260623680592775,345.1800600587867,7.048729525141661
2026-01-27 01:00:00,19.038487387296954,7.9943751370870935,5.262356405192328,350.0994658861051,6.496931596232911
2026-01-27 02:00:00,20.005197589870697,7.8016779719479015,5.109649709901007,354.8168952750419,6.7388163534342045
2026-01-27 03:00:00,21.47264044588293,7.910944348648129,5.308041475516534,354.4964470642176,6.290209669714443
2026-01-27 04:00:00,22.357989475066503,7.706785551052746,6.6369458956794976,332.37969260045696,5.566689971158212
2026-01-27 05:00:00,23.37672489068081,7.688804985553233,8.201678228387292,360.67437463618865,5.10909396423752
2026-01-27 06:00:00,22.15376768514259,7.548473281729446,7.524026843992111,352.52568845996626,5.779229437592409
2026-01-27 07:00:00,23.59440429117567,7.311836716459911,6.733413667454686,363.8802852365191,5.259192753023999
2026-01-27 08:00:00,22.251123069632722,7.235645016768257,5.175528760715947,354.5817934138477,5.940163284951866
2026-01-27 09:00:00,21.322093370959028,7.320153369283497,5.512019782226645,361.3276190826955,6.021709160876195
2026-01-27 10:00:00,19.993947812369882,7.120112305275569,5.556175744573945,355.22391180324485,6.089663789557008
2026-01-27 11:00:00,18.466666889579773,7.073264823160175,5.4314370039443025,364.3339339003631,6.394095973385735
2026-01-27 12:00:00,18.41158529198097,7.004487742065065,6.08542708642599,356.47611075108654,6.833897818061078
2026-01-27 13:00:00,16.742563758081708,7.155989576043717,6.150364374409766,350.72455622111755,7.087011073772471
2026-01-27 14:00:00,14.855019550129535,7.359842330410537,5.662149856875887,374.94570691516174,7.609412163397201
2026-01-27 15:00:00,13.816926708035474,7.1104039960999526,5.654944173177248,361.6962047073805,8.119446673492163
2026-01-27 16:00:00,13.501980631432735,7.302421945667277,7.645244376465631,359.19375677783387,8.094668859821741
2026-01-27 17:00:00,14.00488163119934,7.537694437500539,7.335929024403617,341.40884304111785,7.710677745487441
2026-01-27 18:00:00,12.870204324318198,7.492035860875425,5.551811488935056,342.0684804302436,8.159148028644974
2026-01-27 19:00:00,12.418799391995606,7.648764797665982,8.676426572754249,358.721385146188,8.12768610134845
2026-01-27 20:00:00,13.547001449034786,7.593760647185305,9.580519390769007,358.1539417884605,7.383810584724487
2026-01-27 21:00:00,14.328104309193387,7.825673422195381,5.593441204681685,351.5225643885026,7.903260413183025
2026-01-27 22:00:00,14.151556678529204,7.827695735013321,5.656420710686279,360.0978882803209,8.006845953663502
2026-01-27 23:00:00,16.67875734122852,7.984943330083614,6.05671918365629,375.65638029210254,7.360684788010767
2026-01-28 00:00:00,17.884532734895593,8.018738605156475,9.24840140672203,367.86245062210145,6.216676135103405
2026-01-28 01:00:00,19.642198407919288,8.14532669471749,8.13507966633918,350.69132874519994,6.123671377424472
2026-01-28 02:00:00,21.424478047472565,7.904373478835138,5.162326828721081,362.2323181370792,5.951995154695058
2026-01-28 03:00:00,22.09881642070656,7.81542234413284,5.748174500351071,356.59499613214695,5.920455835670095
2026-01-28 04:00:00,22.195682673644757,7.719438430157736,6.20904114720226,362.11436394736836,5.926324132822181
2026-01-28 05:00:00,22.276366177074507,7.568210988759939,6.049147749176102,363.2494727797976,6.125335762302959
2026-01-28 06:00:00,24.28667990162493,7.533848384346165,5.323252490012266,364.0490540810233,5.297011679518926
2026-01-28 07:00:00,22.8592383484526,7.3669322409450935,7.93654510543378,357.75763700159087,5.392021402681629
2026-01-28 08:00:00,22.33709166487874,7.316846097626972,6.694879457282085,370.5574502816368,5.976173541827856
2026-01-28 09:00:00,21.523471362377713,7.348917041086175,7.729390274449161,367.7923198057601,5.905508519666716
2026-01-28 10:00:00,20.599042380383985,7.0529355819582635,7.935987510208142,345.70551309997734,6.310170956120784
2026-01-28 11:00:00,19.221915019550657,7.227617525597278,7.069608960754627,397.1662888313635,6.5453059496388395
2026-01-28 12:00:00,17.713168996560004,7.231711506733986,5.867614770857116,389.19350958628866,6.753522950031633
2026-01-28 13:00:00,16.43247530386714,7.101822816785266,6.414517189140575,376.24239153476293,6.983803784163595
2026-01-28 14:00:00,15.483623364892033,6.941404348585364,5.262182733609955,381.92113927908616,7.2925734356042105
2026-01-28 15:00:00,14.192753708500476,7.15637508881593,6.679656218374335,371.769503429066,7.916256317989142
2026-01-28 16:00:00,13.3134500897392,7.429699454656114,5.296311034090853,402.2194700575635,8.379725738773516
2026-01-28 17:00:00,13.22358598240062,7.3941855757291,6.776008180553714,406.03193469260515,8.38637511462175
2026-01-28 18:00:00,12.872511391289573,7.400069776770508,5.391264546665097,390.44089058464937,8.411366763975746
2026-01-28 19:00:00,13.922367362845975,7.553050125918179,5.187581933519244,400.93972608370757,8.233217681443579
2026-01-28 20:00:00,12.34438807688134,7.784062002650461,5.270996478414573,394.30075448053054,8.270800066407471
2026-01-28 21:00:00,15.010219520028478,7.837516069294756,5.002991183239566,381.0345218060753,7.515862838320152
2026-01-28 22:00:00,16.123042596248712,7.822516951596802,6.902711617769397,392.1452616310422,7.448984055644393
2026-01-28 23:00:00,15.669209658283247,7.849687889334157,6.977398806475702,399.44971995390307,7.4684938552294975
2026-01-29 00:00:00,17.82865620295979,7.860824185095618,6.085203461940576,395.45452281256553,6.955804477934173
2026-01-29 01:00:00,19.108374792514716,7.794129312065777,5.263965630261133,399.68302693946583,6.773984034971806
2026-01-29 02:00:00,19.796244152641012,8.007947730460723,5.130878752286032,402.82250910423,6.6024881831027855
2026-01-29 03:00:00,21.146625562137366,7.75061066555348,5.0289714384757245,404.7894388265109,6.467209837588798
2026-01-29 04:00:00,21.774839096189275,7.82171585208255,5.271829964172602,407.97469821378365,6.288104346498812
2026-01-29 05:00:00,23.70576435315713,7.755659223233262,8.322624360724452,398.6895296941796,5.350140546106341
2026-01-29 06:00:00,23.46783919657373,7.599831089814801,5.414691579742753,403.9558852065362,5.760731617394877
2026-01-29 07:00:00,23.465406678942422,7.353310350687188,5.656063811901641,400.0951095981263,5.670854459559186
2026-01-29 08:00:00,22.690963050943797,7.340373009033659,5.16697647711645,424.5159142174072,5.718327643145482
2026-01-29 09:00:00,20.971008020324177,7.214737726886294,5.377239896992524,395.45748367935494,6.370836940202332
2026-01-29 10:00:00,20.237739866860263,7.063219652413219,6.098532501528746,429.80295465148885,6.0518127693602075
2026-01-29 11:00:00,19.53878250612655,7.146065597656532,6.4037940914926095,433.85809518861544,6.685703274778278
2026-01-29 12:00:00,17.388936095554115,6.982096020884019,5.422256419885681,418.67238108605164,6.871635746169696
2026-01-29 13:00:00,17.062403989573635,7.232397608330528,5.089198569181522,397.33206053538004,7.282639803047386
2026-01-29 14:00:00,15.379837300920935,7.107128108756386,5.7439864775350635,421.38689438032713,7.411611235331029
2026-01-29 15:00:00,14.277055690292435,7.237273253112667,5.400257962677584,425.95976221287856,8.001388077774019
2026-01-29 16:00:00,14.025352965179582,7.328328787154611,5.371834444208035,418.0600207038919,7.94969326909872
2026-01-29 17:00:00,13.392502524297718,7.370581884588572,9.823177642259012,424.53882534059255,7.350605413067003
2026-01-29 18:00:00,12.81951691709046,7.5586693801475295,6.436843322226495,446.4764420815702,8.23557636470843
2026-01-29 19:00:00,13.750035770236764,7.556037252378751,6.220866727896418,439.26364218692345,7.824820229284625
2026-01-29 20:00:00,13.129341317277843,7.787129729745722,5.806203910366962,424.76299574476485,8.313273623806518
2026-01-29 21:00:00,14.772433897539303,7.648244744449936,5.840402876695208,419.379347363373,7.723116375692535
2026-01-29 22:00:00,15.796550628984242,7.85904811946842,6.167747190529725,433.3824204153936,7.513171820778575
2026-01-29 23:00:00,16.55113155483036,8.080263230421455,6.7882136253857075,435.76401836376823,6.991881957750797
2026-01-30 00:00:00,18.163066511120917,7.7999668675394425,6.816728252502569,444.05356599703464,6.659694100684041
2026-01-30 01:00:00,18.668538437319995,7.818595833463141,5.282558774339342,434.8767218626569,6.71288178601585
2026-01-30 02:00:00,20.962013509603402,7.89780094647967,6.040059065214626,446.42693446941826,6.326831212126198
2026-01-30 03:00:00,21.443082837711234,7.80080089066858,5.796435600011108,461.68775036201646,6.395061148132179
2026-01-30 04:00:00,22.06876550866262,7.735063009927364,8.066423979899927,451.4562804136645,5.515131874495777
2026-01-30 05:00:00,23.354133744363804,7.652446331055769,6.497141851585565,443.7248846019228,5.727122007682029
2026-01-30 06:00:00,22.64782815472862,7.563472146856179,6.140546942760843,443.216938684588,5.29005278349662
2026-01-30 07:00:00,22.12539848326359,7.507442366154624,5.18392048519041,442.26138145170006,5.711420450446603
2026-01-30 08:00:00,21.551812432160283,7.340981865692857,6.395728593699104,458.3500965567316,5.780718341352664
2026-01-30 09:00:00,21.838538881605587,7.193031522063529,5.186991543208022,440.92103205590536,5.7511643873896565
2026-01-30 10:00:00,19.859785323751854,7.220847208606497,5.6169378715530955,448.23086737930686,6.156642203949211
2026-01-30 11:00:00,20.17149231650488,7.303617862973897,5.231199458401138,448.8082703332642,6.516606757461225
2026-01-30 12:00:00,16.95903529605805,7.086736625361742,6.7668419574744325,443.7285536809759,7.040743440692472
2026-01-30 13:00:00,17.554132958632426,7.016176739017308,5.34648408781917,435.4036681828234,7.152699431080999
2026-01-30 14:00:00,15.605508733601406,7.264297905414917,5.746023694492528,452.67128634743307,7.662114984374699
2026-01-30 15:00:00,14.416109538132114,7.2051191711300175,8.390363181330695,449.0755707761083,7.61005969596841
2026-01-30 16:00:00,13.397413437673345,7.082733045398594,5.34283045809523,454.8625945534247,8.247916230002215
2026-01-30 17:00:00,13.36993892573069,7.481214549674036,6.063320644242453,444.62903217502827,8.037276746894626
2026-01-30 18:00:00,12.981182648787575,7.446467181404602,5.815208309951361,462.20821298813047,7.9357848291468205
2026-01-30 19:00:00,13.722021809562946,7.5944742898106,5.027435439974847,441.19729742730146,8.278313839775938
2026-01-30 20:00:00,13.72698680540883,7.733198033056902,7.360802951683887,466.98059269923795,7.714350576923179
2026-01-30 21:00:00,14.539616974798134,7.801892680452521,5.107317967294058,432.2092453963795,7.667244699818575
2026-01-30 22:00:00,15.318193893893028,7.917355343227677,5.964408521851286,453.7892419568254,7.538427099180735
2026-01-30 23:00:00,16.67743196262685,7.842821693458642,6.233784981398979,453.8826304869306,7.024701327344086
2026-01-31 00:00:00,18.153900884446067,7.9513105798176085,6.485012706596137,440.7908249296824,6.729537431830983
2026-01-31 01:00:00,18.43901102918423,7.860415662757237,6.750167894085784,452.54023069306356,6.784041237608057
2026-01-31 02:00:00,19.825907288947,7.920291209602532,5.438082195382992,460.57382698690867,6.569383306074176
2026-01-31 03:00:00,21.90716595294411,7.844379460875923,5.015043347546822,425.02597812187776,5.842138163724164
2026-01-31 04:00:00,22.415559737986126,7.606456129795546,6.928011088984098,451.5711355071184,5.60576788201531
2026-01-31 05:00:00,22.73763746326899,7.712125829658514,6.150696369309042,420.8954045901981,5.915387598205897
2026-01-31 06:00:00,23.009216966532698,7.446403655488594,7.712910216969328,435.3917953598889,5.575684760216681
2026-01-31 07:00:00,23.003419984126165,7.477278161787103,7.583812182997169,460.49743332424,5.90577679353845
2026-01-31 08:00:00,22.06024717876754,7.336728731340138,7.780383704701881,437.4834498553014,5.942925469586232
2026-01-31 09:00:00,21.146381543231684,7.400975655204902,5.995658301497404,430.59741031732455,6.342697397754327
2026-01-31 10:00:00,20.597922627548808,7.131243240249038,5.608861699755483,439.332561425953,6.012059463046089
2026-01-31 11:00:00,18.80490883670515,7.078697989872555,7.352143138747894,460.9089523699689,6.716330547275608
2026-01-31 12:00:00,18.204126377857257,7.098058039411226,5.900289059048406,420.77475165134126,6.848318139291464
2026-01-31 13:00:00,15.85461297236859,7.083311691200943,5.303986362073143,427.38548704087935,7.395751759992888
2026-01-31 14:00:00,16.014577818662765,7.233584028680433,7.896263565760185,451.62691042328754,7.240332256864796
2026-01-31 15:00:00,14.700764835273807,7.05552622668172,8.212739997252047,453.93236249470476,7.69257709837864
2026-01-31 16:00:00,13.797887848234812,7.194631758085356,5.9419095140067615,432.9743246456432,8.056503404741465
2026-01-31 17:00:00,13.661716360527402,7.289692089801076,5.118077434531937,420.22384353863964,7.897068406146545
2026-01-31 18:00:00,13.832737222231287,7.595030759197354,5.736108305052724,452.13292511102827,8.11669664665543
2026-01-31 19:00:00,13.677555901063723,7.774588955299201,7.440926775874157,445.6354331961672,7.70900083873146
2026-01-31 20:00:00,12.749435865411932,7.689555078146246,8.48072693524965,434.9554727808036,8.007904963914909
2026-01-31 21:00:00,13.82467761069947,7.765960540155623,5.341240892930128,418.47758033639263,7.949036494536694
2026-01-31 22:00:00,15.187590711152147,7.853415377825093,5.103982693405452,424.50970659161965,7.648930802524293
2026-01-31 23:00:00,16.7189502995927,8.002558160776443,8.147636304206214,421.7598306032048,7.158747389689306
2026-02-01 00:00:00,18.258829510234488,7.807264686580943,5.739981931166939,425.0027000020339,6.653255685361505
2026-02-01 01:00:00,18.931223318935842,7.9102072287891065,6.170546478405703,434.5046155973003,7.039178537280856
2026-02-01 02:00:00,20.59338338223855,7.943929924492019,10.166117180793817,427.0612216296938,5.470825222502081
2026-02-01 03:00:00,21.157842439756017,7.832952129468608,5.103325486038691,405.74019232791085,6.080673304806155
2026-02-01 04:00:00,22.024368117426267,7.7189581616598675,6.567541912977124,428.50272322074056,5.91119615733407
2026-02-01 05:00:00,22.126298583021228,7.703632227297723,5.115492347135188,416.0722736552575,6.073738952818236
2026-02-01 06:00:00,22.538383376944548,7.229676770700085,5.706131294595803,417.99670465640503,5.774695882189941
2026-02-01 07:00:00,22.15378682863719,7.464259913912087,7.443042303683222,423.96098895093195,5.705770921872071
2026-02-01 08:00:00,21.842190392433537,7.2345924316872585,5.85234377641928,396.3363108136732,6.036328041315211
2026-02-01 09:00:00,22.062354804236637,7.034093997839734,13.8077801899414,405.23996801810074,5.057419384455165
2026-02-01 10:00:00,20.02530055558409,7.204710098438725,6.228267268336561,398.42195916572905,6.649484385857303
2026-02-01 11:00:00,20.610286257931467,7.250995524000672,5.581059486341971,386.1909654601619,6.4571923097292565
2026-02-01 12:00:00,18.24665895044043,7.08625514853723,5.372906142505505,403.4670997760493,7.075609518340469
2026-02-01 13:00:00,16.798322836334915,7.208917124204665,5.647376088350573,423.24600580202804,7.04245033740713
2026-02-01 14:00:00,15.07082110990943,7.314817664285087,5.699096952940634,377.86271787562134,7.646507342347438
2026-02-01 15:00:00,14.814621033771758,7.3486487328837855,5.106782759393967,394.07897008433986,7.725573275873523
2026-02-01 16:00:00,13.382054067958897,7.463996452937143,5.692039720956082,398.95331604193893,7.884162235776775
2026-02-01 17:00:00,13.231375775877355,7.470685131066176,5.936099324699722,391.9352016584162,8.170578960349843
2026-02-01 18:00:00,14.280042269134398,7.5075433638901465,6.924187216779382,387.742672777027,7.630041559482499
2026-02-01 19:00:00,13.122340918692341,7.443331036851294,6.603854702562962,374.06688411041574,8.190110066040665
2026-02-01 20:00:00,14.244509644220612,7.675393751187,6.85044054111,387.5901087088564,7.539790222254981
2026-02-01 21:00:00,14.1128778815043,7.698518052942998,5.0125982805681755,375.91840713208256,8.31432882413547
2026-02-01 22:00:00,15.482505754751411,8.063504433263551,5.368212962945514,359.8337317318949,7.413285733299182
2026-02-01 23:00:00,17.59130509230521,7.868781749272395,6.625663642206856,391.9513209891503,6.983467830143099
2026-02-02 00:00:00,17.686516471106078,7.912320480678449,5.992441864115037,387.8896712425426,7.13749855788959
2026-02-02 01:00:00,20.200319504510936,7.941518868119677,5.00799146357821,377.1531783548578,6.334992891474423
2026-02-02 02:00:00,20.853875967727777,7.850770406151019,7.448251243237108,377.29074688205696,6.212199612430934
2026-02-02 03:00:00,21.25430051798557,7.9523478165176975,7.222950093475816,384.1415763013887,5.718293141595943
2026-02-02 04:00:00,22.64633088844995,7.637735063826556,6.192501321743352,374.07739366459987,6.009590685549689
2026-02-02 05:00:00,23.315906356258676,7.622988363564741,5.103162544964642,379.3491662689382,5.6635370094320185
2026-02-02 06:00:00,23.3109049811086,7.425752941430189,7.181956483864969,365.8506878983248,5.334795824742577
2026-02-02 07:00:00,22.04451677150012,7.264470130836923,6.314572646887577,380.5054668218334,5.797577187950726
2026-02-02 08:00:00,21.96655843100982,7.23882309090948,7.284614963037921,369.199220370781,5.941682749822297
2026-02-02 09:00:00,21.41177458815704,7.213453607820544,7.089960291360565,366.5851803767315,5.821169265454596
2026-02-02 10:00:00,20.46278328545001,7.110659616034501,7.436843101777896,350.64679552138836,5.990748330575153
2026-02-02 11:00:00,19.60443127428794,7.044387571496987,6.094741850526317,364.97097238574446,6.4451106768586355
2026-02-02 12:00:00,18.08885050046672,6.9593682536328165,5.226800461526636,352.58887670165404,6.719714906176663
2026-02-02 13:00:00,16.038232595132257,7.105319112221506,6.668264427941153,353.38728374638157,7.687724190011183
2026-02-02 14:00:00,15.690098925502989,7.003117801083125,6.453247410402927,350.5343050010391,7.3188716093410155
2026-02-02 15:00:00,14.769758966709249,7.293162883894335,7.033666282442594,347.0014407195936,7.77051698731451
2026-02-02 16:00:00,13.949768205043357,7.308243975293446,5.279279333395269,377.9464438409477,8.026524032129188
2026-02-02 17:00:00,13.710761231331974,7.250717232012497,5.325323291691255,369.10762094465355,7.842870552901488
2026-02-02 18:00:00,13.416961077274452,7.469079092295015,8.316507116272188,374.15523162632167,7.812918077211623
2026-02-02 19:00:00,13.399960908168856,7.528311977481944,7.079308338306815,341.9429370109456,8.098879494989253
2026-02-02 20:00:00,13.634790125348395,7.731917451041906,8.582680045918341,354.16885006689876,7.695382197053806
2026-02-02 21:00:00,13.633985627309274,7.916887757076934,7.132666703934171,339.87075723254065,8.116859511949471
2026-02-02 22:00:00,15.714809109566215,7.658892914549197,6.363806248965673,345.26441093872234,7.639220176268251
2026-02-02 23:00:00,16.809748618068905,7.8978729384303685,6.5925503158383885,342.5224388513809,7.322090784830601
2026-02-03 00:00:00,18.135789418597682,7.883986720443336,8.29906731529948,363.6494444553244,6.544214559366032
2026-02-03 01:00:00,18.65572093760249,7.953504338160673,6.296995302806053,346.909379557318,6.490401745762475
2026-02-03 02:00:00,19.959471729795816,7.867729824337547,6.501104431897109,361.24225202568374,6.237304103288777
2026-02-03 03:00:00,22.062110332599076,7.707645779300746,5.255251660025814,356.35559840122306,5.998195438980994
2026-02-03 04:00:00,22.31034944199388,7.668094606433336,5.963456458725035,373.1761976619889,5.935224336335498
2026-02-03 05:00:00,23.170379480131636,7.523925032360665,6.890270451307143,335.24052252918284,5.084063803884287
2026-02-03 06:00:00,23.014159188065232,7.6076007138598625,5.474004420394978,362.592332397868,5.697437120621844
2026-02-03 07:00:00,22.84450720119325,7.3986035468261955,5.338947881347689,361.49937346458734,5.786596256631555
2026-02-03 08:00:00,22.799268921910166,7.490119068575297,5.564937825462949,340.4060217606706,5.688180135713053
2026-02-03 09:00:00,21.277511541824083,7.211091206143921,5.4146199622015185,360.38572287006946,6.397414886127003
2026-02-03 10:00:00,20.548060388470617,7.082749161795184,5.362940415488825,353.91990831900586,6.411046876183637
2026-02-03 11:00:00,19.062957581160042,6.962258230223089,5.829688802174655,348.5969137388015,6.913330106108703
2026-02-03 12:00:00,17.782751886283904,6.919686032374405,8.576319435153334,343.0142495211888,6.653487980843645
2026-02-03 13:00:00,16.55131871275309,6.955216075183824,6.061050649337949,344.51261417105474,7.443560755379318
2026-02-03 14:00:00,15.611066885816957,7.180302503587368,5.312235335666387,372.7194806685522,7.893023023884627
2026-02-03 15:00:00,14.225091783235474,7.268029789848378,5.12014302633267,352.81266167415646,8.194051441412398
2026-02-03 16:00:00,14.297751043864581,7.141880929796785,6.78686201728077,361.2776125831043,7.528447718620032
2026-02-03 17:00:00,12.723067217444939,7.485976213366594,5.72384023491474,346.2628933898256,8.196113956638817
2026-02-03 18:00:00,12.90656417791932,7.451693894831649,7.587533661682409,347.1530271426626,7.945572648261969
2026-02-03 19:00:00,12.95050533941756,7.61820691923956,6.616057669785146,366.6140784172689,8.198618805182361
2026-02-03 20:00:00,14.393361923254673,7.861222062825543,7.386229350812485,343.2029676952627,7.80030729510799
2026-02-03 21:00:00,14.562743482322979,7.872526644061166,5.4760701677815575,353.511652359533,7.643928577835952
2026-02-03 22:00:00,16.015922269734393,7.819557096723195,6.7682322623036235,359.0283353949225,7.332763909119427
2026-02-03 23:00:00,15.963124587968897,7.797251107974098,5.459914073200522,360.8838370300671,7.0592419792564955
2026-02-04 00:00:00,18.133525132934516,7.68481845986707,9.19700698902658,359.11749302643693,6.835307019024091
2026-02-04 01:00:00,19.738910623324255,7.814454998591387,6.517445279485637,366.05961165368643,6.311052968085034
2026-02-04 02:00:00,20.54114199463769,7.825297137631007,5.588479385803789,370.27596396668685,6.317039350729098
2026-02-04 03:00:00,22.068274093465423,7.6841247597595,5.471063429774523,371.99103639526584,5.87389519085858
2026-02-04 04:00:00,22.071482793871965,7.686874303290775,5.317798427439044,356.1333250247757,6.179554973790787
2026-02-04 05:00:00,23.534302851538083,7.6112128063369,6.779400516136221,364.5440784568059,4.870982947222381
2026-02-04 06:00:00,24.149449061809626,7.477514401819192,5.3702240953062805,380.77313852583274,5.422293256551783
2026-02-04 07:00:00,22.648209851225538,7.331472123876653,6.356925945693719,379.2554625970636,5.681091191124704
2026-02-04 08:00:00,22.107375758221835,7.316865467196676,5.4610825115136485,358.1054025820081,5.83632053177484
2026-02-04 09:00:00,22.262226144491596,7.261351352482323,6.626926262617523,376.91319517775514,6.116996146742475
2026-02-04 10:00:00,21.28978607286533,7.044549930741939,7.530610572934451,355.2177475062519,5.747026532719068
2026-02-04 11:00:00,19.032665211936035,7.254722907459001,7.257787417150826,377.1059176069506,6.670414190748041
2026-02-04 12:00:00,17.789906591452237,7.090141186771573,7.14600481118978,397.28348321158165,6.909173428759179
2026-02-04 13:00:00,16.565012470057127,7.115514631778858,5.3118696984979,370.5264716113232,7.579863763143032
2026-02-04 14:00:00,14.827774744482932,7.224411280811877,5.138806203507619,373.38971832676435,7.645737876573004
2026-02-04 15:00:00,14.005140120825189,7.240478900651729,6.800712535485772,391.12634471797014,7.672049936420374
2026-02-04 16:00:00,13.16780259770177,7.395313663391326,5.689123137079669,369.83422612735836,8.35835101836207
2026-02-04 17:00:00,12.786472086002581,7.425184798479178,5.849365399461928,380.73149744602364,8.303509700219182
2026-02-04 18:00:00,12.98265755630661,7.438756262535952,5.0474668121919555,394.83836467800165,7.940601460368801
2026-02-04 19:00:00,13.287478234822881,7.639677970561607,5.450799336017371,384.36156116496005,8.025189504799886
2026-02-04 20:00:00,14.445123227484862,7.585627379267937,5.05138477284137,390.1881868190815,7.9608572466142595
2026-02-04 21:00:00,13.965289073697821,7.793698683052267,8.170251835905184,401.843633297985,7.859205392294346
2026-02-04 22:00:00,15.992161199238273,7.843087162449328,5.418374274492418,400.4789561560444,7.324276142102598
2026-02-04 23:00:00,16.598910352374524,7.865558644788371,6.222420355783256,400.7986242491375,6.645179178364654
2026-02-05 00:00:00,17.975268145173846,7.887146248856108,5.059639027520819,396.60877720729957,7.104863698101863
2026-02-05 01:00:00,19.631504971595874,7.698185425965865,6.648731914421762,405.57017086650575,6.18318642767006
2026-02-05 02:00:00,19.938638989218735,7.791537670739684,5.5851865991484955,402.49917787832356,6.053353833155985
2026-02-05 03:00:00,21.7267387790248,7.792127202588727,8.42298574199145,410.17627990442327,5.159551546047827
2026-02-05 04:00:00,22.4133531230287,7.715985639199744,8.285468334805612,402.482793057629,5.730911057801812
2026-02-05 05:00:00,23.075854763449414,7.500760103948413,5.590209839813204,407.46989061435016,5.69773881523732
2026-02-05 06:00:00,23.14458432195391,7.6265707840864785,8.46836077071677,401.22646877229545,5.321886566297395
2026-02-05 07:00:00,24.05727920140077,7.3098548971375354,13.342515854222558,412.59087615506365,4.929233486820104
2026-02-05 08:00:00,22.011257026796546,7.396945720052675,7.618021030913392,406.6277500842568,5.862848576814138
2026-02-05 09:00:00,21.270035428431914,7.259876723712556,7.795250737778045,405.37348859613843,6.2262260776586
2026-02-05 10:00:00,20.188429736787683,7.088967107501847,5.429541889881402,420.85366269687347,6.131391282381539
2026-02-05 11:00:00,19.01635666593251,7.291160758745325,6.289519697765998,422.1219989745636,6.61004873894948
2026-02-05 12:00:00,17.68130643634673,6.980636316824351,5.104436610885951,429.5229243053636,6.745887054835119
2026-02-05 13:00:00,17.30041304004126,7.205545086845371,5.149594492772082,419.052175717902,7.114060824341383
2026-02-05 14:00:00,16.210252123994845,7.253648070290526,15.208626829833923,429.0805284683676,6.376851115264561
2026-02-05 15:00:00,14.179092947192528,7.150095266617716,5.593211089114384,432.1095795485036,8.021228381743043
2026-02-05 16:00:00,13.253695194525744,7.439246530006425,7.068584401443668,432.6137409814971,7.988830537452576
2026-02-05 17:00:00,13.406078646747876,7.371467730499092,7.464996676597392,421.4344724506536,8.026662098309275
2026-02-05 18:00:00,12.723888477859514,7.528869362927984,7.928138172714988,432.6681249156486,8.1669020898914
2026-02-05 19:00:00,13.486836777432421,7.629559801918132,14.066220779064851,436.25577352445254,7.652654463212038
2026-02-05 20:00:00,13.77133449150342,7.68656912585294,5.414611769594895,434.0804215576254,7.95264586910743
2026-02-05 21:00:00,13.706594036568523,7.863923539790588,5.061781258935414,414.4905624756164,7.878968824831052
2026-02-05 22:00:00,16.27375260066504,7.925759033568998,5.794481459137074,438.25748983122605,7.401330426983314
2026-02-05 23:00:00,17.603843611035074,7.7115171331918075,5.209032193360935,460.02389655124495,6.917679872477229
2026-02-06 00:00:00,17.693605654757764,8.030434024287816,5.034021759923822,435.49118143583166,7.369588564005484
2026-02-06 01:00:00,19.10024444554461,7.720121131712061,5.6704313637879995,432.94911800978025,6.601252144446001
2026-02-06 02:00:00,20.64293269536249,7.94966478194794,7.296898706537092,445.04542431291367,5.99646168193087
2026-02-06 03:00:00,21.702762300926207,7.89551322615738,6.252690756204869,445.45999206607996,5.854777204917737
2026-02-06 04:00:00,22.659399155258527,7.590903356978491,5.562646818731625,455.22862184338607,5.922569014006534
2026-02-06 05:00:00,23.834731400828524,7.562446189245548,6.5934581719245,431.62708811614164,5.350421935954122
2026-02-06 06:00:00,22.911526386252977,7.389429533151412,5.395983827587632,452.3622459208708,5.604186656651916
2026-02-06 07:00:00,22.43048050917612,7.37498027893012,5.021728792058059,451.7323334060134,6.22327737702487
2026-02-06 08:00:00,21.64046740491499,7.269196571581435,7.168132994502365,445.1222220628047,5.701835881188666
2026-02-06 09:00:00,21.170068885961737,7.295123340752312,6.466224625983449,450.58103969463525,6.067973530717819
2026-02-06 10:00:00,20.483436513563138,7.284620713098187,7.155135418864132,458.07321510529056,6.294088560044848
2026-02-06 11:00:00,20.191374157271635,7.2531980505633715,5.059574559991497,457.0194451147379,6.119931982599526
2026-02-06 12:00:00,17.741194350481873,7.04378319734217,7.72210889103935,437.31620248835395,6.888542623556782
2026-02-06 13:00:00,16.8177987503069,7.092707482109919,6.44950694137094,457.3299055292193,6.939578083190091
2026-02-06 14:00:00,15.491788551963635,6.985246019264129,6.2430907791113786,448.7946552609313,7.667300340264753
2026-02-06 15:00:00,15.058662730791383,7.136570280875755,6.469700865878279,450.4143514748173,7.395834028330531
2026-02-06 16:00:00,14.93333919401458,7.396485163309751,7.99743667539983,450.592159769076,7.605475340326144
2026-02-06 17:00:00,12.904936482094504,7.558030664313813,6.326230941037917,448.46260535143733,8.362309398631524
2026-02-06 18:00:00,12.755280278740889,7.376565112811998,6.304648911475729,461.91707497107063,8.353002344293765
2026-02-06 19:00:00,13.692451307089174,7.5442811921257125,12.01325331618058,449.1278556409278,7.425825171257269
2026-02-06 20:00:00,14.010818725890944,7.697359424304105,7.120376042179549,438.66472857522734,7.738997525723369
2026-02-06 21:00:00,15.387819756935283,7.81085882835658,5.875884482501884,445.7503119349649,7.450172697249021
2026-02-06 22:00:00,15.7919640926629,7.765449809521607,6.843407806484327,451.22848847936115,7.661875134349263
2026-02-06 23:00:00,16.526258729093954,7.928776434962038,5.739553392572163,461.4204715046349,7.154580934435767
2026-02-07 00:00:00,18.295327415346144,7.852616065292909,5.389858086806262,454.77734245857954,6.679769122768839
2026-02-07 01:00:00,19.848447015803952,7.884925103427801,6.362676850128247,439.79093852698304,6.534694348042754
2026-02-07 02:00:00,20.910241090598625,7.901038586314148,8.950432256174352,472.630539456096,5.7181691410956095
2026-02-07 03:00:00,21.78917092148637,7.783484939455714,8.970563608798342,449.84191962519816,5.4656382092553475
2026-02-07 04:00:00,22.863464363716783,7.6563614109473415,5.627609605655395,459.29759481220043,5.432652096071311
2026-02-07 05:00:00,23.41427692666816,7.5925666376484315,6.125139788730609,444.3109684577265,5.437334821567796
2026-02-07 06:00:00,23.691079495518764,7.49116370407948,5.356692857281345,450.3820358421755,5.525017835612876
2026-02-07 07:00:00,23.15398407524016,7.359471278970778,13.149869288022224,452.6004547204145,4.945135397919878
2026-02-07 08:00:00,22.246567978763814,7.274120393733296,10.954311968486468,455.4832173067646,5.533188057320296
2026-02-07 09:00:00,21.608890749149435,7.377022004575856,6.572630074829144,452.9098930151965,6.045893889962886
2026-02-07 10:00:00,21.103254483254187,7.209681783280349,7.447633105559865,450.0339087165294,5.941248624719831
2026-02-07 11:00:00,18.885627390018954,7.0840816376814555,6.883426405377182,437.0790216763923,6.5506113766816
2026-02-07 12:00:00,18.184336654436514,7.169695440451073,6.348996370533527,433.37411370384103,6.921047693120555
2026-02-07 13:00:00,16.509235368323875,7.080247720508769,5.082235589587951,441.22466126051467,7.61898163154595
2026-02-07 14:00:00,15.514372411467392,7.27090230224489,5.909805768185678,445.983874314902,7.555689160211224
2026-02-07 15:00:00,15.103692025370966,7.254121506745186,6.684909171408697,433.12813205156135,7.461759905674306
2026-02-07 16:00:00,13.765422515087774,7.289269785599575,6.697625262646449,444.6603565456898,7.690308644746302
2026-02-07 17:00:00,13.193589142632767,7.441244074540009,5.700506481719522,447.140538018768,7.842511013287411
2026-02-07 18:00:00,12.320071929510041,7.342912384793155,9.263023617427322,422.01128090220243,8.126933590288461
2026-02-07 19:00:00,13.543497651568256,7.490850871150024,5.274725508234588,421.32180224071243,8.202248741012387
2026-02-07 20:00:00,13.992615071648272,7.580607499360084,6.040799497277209,426.76225231412775,8.013238987381543
2026-02-07 21:00:00,15.546093455720019,7.7971370219509915,6.7610578882122105,429.6777305076587,7.411638957978362
2026-02-07 22:00:00,15.346110882523446,8.019661661462282,6.791706167314578,419.75432986232954,7.765688611816031
2026-02-07 23:00:00,16.81547993831935,8.10950034513489,6.568911456473108,436.88545820232474,7.042415170855888
2026-02-08 00:00:00,18.12469184185526,7.963805110144076,5.48297185844215,425.9348555710625,7.11158370113341
2026-02-08 01:00:00,20.082821865394408,7.936454778010072,5.254771345956436,420.38907169839433,6.446068820057846
2026-02-08 02:00:00,20.452352233806497,7.666304388098503,6.515656231238585,403.9079559796346,6.113676165488649
2026-02-08 03:00:00,21.675044668817815,7.728575332501224,6.371821313690962,403.3557949334836,6.0625627628900025
2026-02-08 04:00:00,22.634075273780418,7.621221624809182,5.2964988404698605,417.5478512233634,5.893758521244709
2026-02-08 05:00:00,22.92293369302351,7.5414428582159,6.831877570727733,391.6149959935776,5.657473371524734
2026-02-08 06:00:00,22.776783192724736,7.483185618141521,5.910927672931669,421.2524207942566,5.730967118936889
2026-02-08 07:00:00,22.92667412789452,7.349263324189287,6.6528491904668225,407.7140419144225,5.595467932636322
2026-02-08 08:00:00,22.866942893852038,7.102070018962416,7.7243894613841855,439.8830430047559,5.98849972897266
2026-02-08 09:00:00,21.02227625622722,7.2919483131371345,5.279003655833452,428.6773863113265,6.453381899399085
2026-02-08 10:00:00,20.56648483707354,7.046315535912249,5.0289957561809615,401.92201398684625,6.500044594110621
2026-02-08 11:00:00,18.944034818043086,7.137554355895489,7.265085315606359,400.8061896885032,6.55984259556927
2026-02-08 12:00:00,18.59752331446245,7.307408266974997,6.411249511578859,409.9558151400202,6.9109256603458356
2026-02-08 13:00:00,15.944311322095496,7.021691210325731,6.804158136317001,415.1621663853642,7.437105311122716
2026-02-08 14:00:00,15.22053907636428,6.900561086211588,7.731674056025163,379.8832047463189,7.42693877586122
2026-02-08 15:00:00,14.653072031599654,7.18855686533736,7.435388433169303,376.53802154128783,7.5324802837299725
2026-02-08 16:00:00,14.452634995694977,7.410095963499857,9.863222317262288,386.32753863564744,7.384335551817489
2026-02-08 17:00:00,13.13749573801819,7.592307127381043,6.151596230414395,396.5317954735931,7.466381295278403
2026-02-08 18:00:00,12.722400236653401,7.377045040554754,6.005598732991403,393.8426892072602,8.260960235397038
2026-02-08 19:00:00,14.110949403274951,7.653197540364659,5.770963870811661,397.7567622947123,7.797471046078024
2026-02-08 20:00:00,12.9458660308697,7.653468954321997,5.250306182690957,373.2652659958017,8.557036873670055
2026-02-08 21:00:00,13.365063115757172,7.772247877044201,6.2750777888317275,360.32460827255306,8.035095256339885
2026-02-08 22:00:00,15.72000722502652,8.110844496215472,5.486545069538913,390.31309073470175,7.283551002882486
2026-02-08 23:00:00,16.454877662311105,7.736073297676112,8.813311372851501,371.7234360543605,6.99497341631145
2026-02-09 00:00:00,17.48938359143456,7.925373966149458,6.312690089167171,358.1209344002358,6.787160876212141
2026-02-09 01:00:00,19.64827344916224,7.933139647692172,6.347824240599024,378.08720604594095,6.5478306967920314
2026-02-09 02:00:00,20.62190035688548,7.954988794007716,5.657582246248511,382.9317568821869,6.3369561590216765
2026-02-09 03:00:00,21.253494590564404,7.792641027821706,5.080084317048753,372.17782485302035,6.3701858468756765
2026-02-09 04:00:00,21.68997481958672,7.730805053950414,5.048387782310908,367.2555132349941,5.914491158533316
2026-02-09 05:00:00,23.265857795585372,7.564362761298841,5.825741030470109,368.7153683998661,5.607763067302275
2026-02-09 06:00:00,23.325100588979332,7.526912694124508,5.132534494800135,365.11968228305534,5.382467044189826
2026-02-09 07:00:00,22.78004119955567,7.362153154409256,6.400334475219538,353.9051583166923,5.8052552089740725
2026-02-09 08:00:00,23.253445516946037,7.362157188985607,8.192607452347175,358.84455634154983,5.471152111616798
2026-02-09 09:00:00,21.000491522769746,7.180196253921024,8.21728031772772,369.85745999081075,6.027310091740305
2026-02-09 10:00:00,19.737237414537578,7.191299877876441,6.6140089671641125,366.56419182227364,6.404613555920583
2026-02-09 11:00:00,18.94814119057202,7.110703388115875,5.355924246214027,363.7820119023956,6.810326855893351
2026-02-09 12:00:00,17.97720699182239,7.212605025077217,7.981626836981182,350.95694105806484,7.028403390008004
2026-02-09 13:00:00,16.82757449914883,7.108490297125522,8.258565161990786,357.95507939030995,6.910231007605311
2026-02-09 14:00:00,15.37938197107188,6.976286591665534,5.328453885510816,336.91741081977165,7.6500381554229655
2026-02-09 15:00:00,14.640493792324417,7.34334943759678,7.00583398785446,359.44855667743974,7.422067893297166
2026-02-09 16:00:00,13.044103268982639,7.209426769913731,5.506400361615602,370.9873068889139,8.014681954273113
2026-02-09 17:00:00,13.892253170591268,7.331095748094116,7.434091084126988,341.05290900434835,7.803090257558146
2026-02-09 18:00:00,12.958924410803716,7.440433870595649,13.837645976153528,349.09227987170146,7.597291009024099
2026-02-09 19:00:00,13.72901878434869,7.7409714273580805,5.045729026193035,357.4629549936025,8.01191623644321
2026-02-09 20:00:00,13.841235654266619,7.486432578602125,8.414877064218548,365.98473891206464,7.6510200741490655
2026-02-09 21:00:00,14.692842703644128,8.096617565840615,6.461795831686345,348.3235873215801,7.5992326920194575
2026-02-09 22:00:00,15.784883640116108,7.952015842420381,10.439286292581016,345.298856418034,6.902899126544007
2026-02-09 23:00:00,16.929759054495968,7.908694221928541,5.938259483020091,332.0144772613858,7.232728579215763
2026-02-10 00:00:00,18.32136137993358,7.894510599938371,7.8197841069930085,352.2879856839899,6.3382297152815745
2026-02-10 01:00:00,19.958671490578816,7.9149257380013935,5.096638301038526,371.29243673977305,6.756856212584789
2026-02-10 02:00:00,20.598260584850642,7.898522404351714,5.612581925856551,353.3320433083904,6.156092201575792
2026-02-10 03:00:00,21.89003578472695,7.847364271069629,5.104051705462287,350.0915997135007,6.1614665803596615
2026-02-10 04:00:00,22.28525917177857,7.755560446600346,10.554049784896204,353.36063324861084,5.119280509086962
2026-02-10 05:00:00,23.549687739170086,7.612485686166531,7.547189829636094,349.92404472109405,5.4916271083531125
2026-02-10 06:00:00,22.661803848970365,7.4802661579692735,7.871372982300709,341.8698562773987,5.681800661090237
2026-02-10 07:00:00,23.730099347900794,7.381345053593654,9.17009040168945,358.2677639173571,5.227306537257036
2026-02-10 08:00:00,22.310048043600016,7.280509171964731,5.133416479530982,352.39742537205854,5.7102606367869395
2026-02-10 09:00:00,20.820146354873778,7.330534297212092,5.7306577680815325,350.4905220246745,6.271807272393017
2026-02-10 10:00:00,20.564052207455433,7.212945510714313,5.110526144535261,340.80479841596105,6.111323096735738
2026-02-10 11:00:00,18.953569396775166,6.819590806017945,5.3550901457075195,363.90675565768316,6.675545985216219
2026-02-10 12:00:00,18.420321774494322,7.1655900776529755,5.390812155464612,357.9006318442399,7.061720961021024
2026-02-10 13:00:00,16.37959278483626,7.133103288956249,5.949792773254952,346.1745003118735,7.469462911879589
2026-02-10 14:00:00,15.276908283392748,7.1517189628416284,5.4691145725993735,362.23960824751225,7.636898060399962
2026-02-10 15:00:00,13.51969572859448,7.178305442216494,5.15967183798547,347.8301251007295,7.909147568868264
2026-02-10 16:00:00,13.443719821453307,7.412411271998596,5.274967030090942,345.63627764267943,8.240690884062419
2026-02-10 17:00:00,11.958431205240188,7.491225028171275,5.238978253869432,346.5748560316983,8.490370620842615
2026-02-10 18:00:00,12.208048588257139,7.422712233217628,10.422150249498864,337.24087107399794,7.441709708339744
2026-02-10 19:00:00,13.550578196626786,7.644232846753455,7.136259206452332,360.5096541289517,8.055255495461374
2026-02-10 20:00:00,14.0627730604032,7.602834326545868,10.151889216776436,338.3872810273945,7.464271246447617
2026-02-10 21:00:00,14.677194874959744,7.644880895995726,5.869032778470877,345.379351725928,7.98428825300959
2026-02-10 22:00:00,15.01651192843543,7.783738439054781,5.489360949173282,337.93218119341486,7.477881819205254
2026-02-10 23:00:00,16.68204909641649,7.972609677753906,7.401410160977705,358.9094140837577,6.454005947158907
2026-02-11 00:00:00,17.99819873045456,7.995312504537609,5.592352958075402,359.40522127387976,6.9970317932478565
2026-02-11 01:00:00,18.71491288091622,7.937678872525359,5.533691655488193,358.83445171086356,6.82621534955852
2026-02-11 02:00:00,21.251699150883514,7.918919740198578,5.396936910482265,352.92162946180287,5.809247195709605
2026-02-11 03:00:00,21.97421505122055,7.834460541186116,5.208339717270382,352.9223234063063,5.789912356294503
2026-02-11 04:00:00,22.21964493200737,7.635851840477704,5.444505247634352,370.6350617469197,6.451681790978703
2026-02-11 05:00:00,22.84307205094255,7.64671987250842,5.658501228756747,361.88011011900886,5.662259741557928
2026-02-11 06:00:00,23.104191403973775,7.5800409525227606,6.681260197023666,371.9890931224246,5.702017924579432
2026-02-11 07:00:00,21.808761697233233,7.47190151494036,5.096911532845496,361.4565038600827,5.9079864569334655
2026-02-11 08:00:00,22.206538327661942,7.418891337147471,5.354546352912262,373.64462452452955,5.494850203022657
2026-02-11 09:00:00,21.19454178193388,7.287987672245491,7.483408444634598,386.43117654739376,5.918972060693889
2026-02-11 10:00:00,19.999189995052554,7.188734659240383,5.238356306186649,380.86165800392797,6.423245958560976
2026-02-11 11:00:00,19.1535450790696,7.220644693316015,5.629296941701338,372.51243040418206,6.568708388328792
2026-02-11 12:00:00,18.898843263424972,7.097347874075093,7.999935773055114,380.87780274768113,6.452367439736967
2026-02-11 13:00:00,17.02632620512079,7.025442204361603,5.2524953995275485,377.5987470387107,7.271022563096175
2026-02-11 14:00:00,15.21441050510871,7.137283142091843,5.1295412957585595,381.8117506286276,7.653419853896205
2026-02-11 15:00:00,14.7507574847454,7.142667023044731,5.9940375253060125,380.2299363807565,7.460105642693576
